id,F09_IT_Surv_noedge_mean,F09_SW_Surv_noedge_mean,F10_IT_Surv_noedge_mean,F10_SW_Surv_noedge_mean,F11_IT_Surv_noedge_mean,F11_SW_Surv_noedge_mean,F09_IT_NFrFrPr_noedge_mean,F09_SW_NFrFrPr_noedge_mean,F10_IT_NFrFrPr_noedge_mean,F10_SW_NFrFrPr_noedge_mean,F11_IT_NFrFrPr_noedge_mean,F11_SW_NFrFrPr_noedge_mean
3,0.875,1,0.777777778,0.388888889,0.833333333,0.5,14.64285714,11.82352941,17.85714286,45.85714286,13.46666667,33.66666667
6,1,0.642857143,0.888888889,0.611111111,0.888888889,0.277777778,23,8.333333333,19.5,27.90909091,16.1875,11.2
7,1,0.611111111,0.944444444,0.444444444,0.944444444,0.333333333,15.82352941,6.636363636,17.29411765,42.5,17.94117647,10.66666667
8,1,0.8125,0.944444444,0.833333333,0.944444444,0.166666667,21,8.230769231,18,49.66666667,15,13.66666667
11,0.944444444,0.947368421,0.823529412,0.777777778,1,0.555555556,13.41176471,14.22222222,16.64285714,40.85714286,12.38888889,44.5
13,0.941176471,0.875,0.611111111,0.444444444,0.5,0.611111111,15.6875,8.071428571,5.545454546,41.125,5.222222222,37
14,0.947368421,0.555555556,0.888888889,0.555555556,0.833333333,0.166666667,24.38888889,7.2,19.1875,30.8,14.6,14.33333333
16,0.882352941,0.941176471,0.823529412,0.444444444,0.777777778,0.333333333,19.2,13.5625,16.92857143,47.75,12.5,22.5
23,1,1,0.705882353,0.5,0.888888889,0.333333333,11.26315789,11.11111111,13,60.77777778,10,12
24,1,0.9375,0.888888889,0.611111111,0.833333333,0.444444444,13.25,11,9.125,38.18181818,12.06666667,23.125
25,1,1,0.833333333,0.722222222,0.833333333,0.555555556,14.66666667,12.1875,11.93333333,33.61538462,9.6,32.1
26,1,0.7,0.944444444,0.388888889,0.888888889,0.166666667,18.05882353,8.5,24.58823529,43.85714286,15.75,20.66666667
28,1,1,0.888888889,0.611111111,0.944444444,0.444444444,15.76923077,12.88235294,14.25,51.81818182,11.64705882,24
29,1,0.9375,0.222222222,0.611111111,0.666666667,0.555555556,13,12.2,6,52.36363636,10.75,22.8
30,1,0.9375,0.777777778,0.444444444,1,0.388888889,11.1875,13.4,13.35714286,57.5,11,19.85714286
31,1,1,0.722222222,0.5,0.722222222,0.222222222,18.0625,11.26315789,14.33333333,65.88888889,10.07692308,22.75
32,0.882352941,0.666666667,0.666666667,0.555555556,0.944444444,0.277777778,16.93333333,8.25,8.916666667,20.8,18.70588235,29
34,1,0.947368421,0.833333333,0.666666667,0.833333333,0.444444444,12.29411765,15.44444444,16.92857143,47.58333333,7.666666667,13.875
35,0.842105263,0.75,0.833333333,0.5,0.777777778,0.777777778,18.25,7.5,12.2,55.33333333,10.14285714,28.92857143
36,0.846153846,1,0.777777778,0.555555556,1,0.444444444,13.72727273,13.82352941,13.28571429,46.6,13.27777778,48.375
39,1,0.947368421,0.5,0.333333333,0.722222222,0.555555556,12.4375,13.72222222,10.22222222,44.66666667,11.23076923,41.2
40,1,1,0.666666667,0.722222222,0.777777778,0.666666667,14.72222222,13.4375,15.33333333,48.15384615,8.642857143,23.66666667
41,0.8125,1,0.611111111,0.5,0.666666667,0.5,13.53846154,13.05263158,13.18181818,49.55555556,7.75,40.77777778
42,1,1,0.888888889,0.666666667,0.888888889,0.444444444,15.27777778,10.29411765,12.6875,120.0833333,9.6875,11.25
46,1,0.944444444,0.777777778,0.333333333,0.888888889,0.666666667,9.35,10.23529412,9.5,39,7.8125,21.16666667
47,1,1,0.888888889,0.611111111,0.888888889,0.222222222,15.3125,14,20.375,59.27272727,9.4375,15
48,1,0.9375,0.764705882,0.5,0.888888889,0.388888889,14.82352941,13.73333333,20.30769231,54.11111111,11.625,21
50,1,0.8125,0.823529412,0.388888889,0.888888889,0.277777778,19.70588235,9.076923077,21.28571429,42.42857143,19.0625,15
51,1,1,0.611111111,0.722222222,1,0.222222222,14.23076923,11.8125,6.545454546,79.53846154,10.38888889,23.5
52,1,1,0.764705882,0.611111111,0.777777778,0.222222222,13.70588235,9.111111111,8.384615385,44,13.35714286,11.75
53,0.888888889,1,0.611111111,0.444444444,1,0.555555556,12.75,11.23529412,11.90909091,54.75,12.55555556,27.2
58,1,1,0.666666667,0.444444444,0.833333333,0.611111111,10.9375,10.86666667,8.166666667,30.25,10.93333333,24.90909091
59,0.933333333,0.944444444,0.444444444,0.444444444,0.555555556,0.611111111,7.071428571,8.529411765,6.5,34.625,6.9,20.63636364
60,0.941176471,0.947368421,0.611111111,0.444444444,0.722222222,0.555555556,15.875,17.83333333,24.36363636,70.75,11.76923077,36.2
61,1,1,0.777777778,0.611111111,1,0.444444444,13.15789474,13.52941176,11.42857143,84.54545455,13.11111111,27.125
64,1,1,0.722222222,0.555555556,0.777777778,0.444444444,14.6875,16.21428571,4.916666667,47.3,7.357142857,8.625
67,1,1,0.833333333,0.722222222,1,0.444444444,17.5,14.57894737,9.533333333,50.30769231,10.33333333,14.875
68,0.833333333,0.909090909,0.722222222,0.611111111,0.944444444,0.611111111,8.8,12.3,12.61538462,32.54545455,10.23529412,52.54545455
69,0.933333333,1,0.777777778,0.333333333,0.888888889,0.555555556,12.42857143,17.94117647,9.857142857,48.33333333,8.75,21.7
70,1,1,0.611111111,0.666666667,0.888888889,0.333333333,13.875,12.1875,9.727272727,37.5,11.4375,20.33333333
72,0.894736842,0.947368421,0.833333333,0.444444444,0.944444444,0.611111111,11.23529412,8.833333333,15.8,54.25,11.82352941,23.18181818
74,1,1,0.555555556,0.611111111,0.777777778,0.333333333,10.88888889,10.5,14.7,55.09090909,8.428571429,7.666666667
75,1,0.944444444,0.666666667,0.5,0.888888889,0.444444444,15.33333333,13.58823529,16.58333333,38.55555556,15.1875,29
78,1,0.944444444,0.666666667,0.722222222,0.833333333,0.555555556,14.16666667,12.64705882,20.83333333,67,13.8,14.9
84,0.941176471,1,0.555555556,0.722222222,0.722222222,0.611111111,9.9375,12.25,8,42.38461539,6.461538462,21.81818182
85,1,1,0.529411765,0.388888889,0.833333333,0.5,10.2,11.16666667,19,47.85714286,9.933333333,28.44444444
87,1,1,0.722222222,0.5,0.833333333,0.444444444,14.35294118,9.588235294,10.84615385,36.88888889,18.46666667,27.25
88,0.941176471,1,0.833333333,0.722222222,0.888888889,0.5,20.125,10.94444444,21.8,72.38461539,18.6875,15.33333333
89,1,1,0.833333333,0.666666667,0.888888889,0.5,13.375,10.70588235,14.13333333,40.41666667,10.625,24
90,0.833333333,0.941176471,0.666666667,0.444444444,0.833333333,0.444444444,10.33333333,12.25,14.66666667,51.75,8.866666667,12.5
91,0.941176471,0.944444444,0.555555556,0.611111111,0.944444444,0.444444444,9.875,12.70588235,8.8,52.63636364,8.352941176,8.25
92,1,1,0.611111111,0.722222222,0.833333333,0.555555556,11.75,13.85714286,11.63636364,59,9.733333333,31.9
99,0.9375,0.941176471,0.5,0.277777778,0.944444444,0.277777778,12.93333333,11.4375,10.66666667,44.2,9.235294118,15.4
100,0.923076923,0.923076923,0.833333333,0.444444444,0.888888889,0.444444444,16.33333333,16.25,13.26666667,35.375,9.75,17.75
103,0.736842105,0.9375,0.555555556,0.555555556,0.666666667,0.611111111,11.92857143,7,7.4,34.8,6.75,15.90909091
104,1,1,0.444444444,0.444444444,0.888888889,0.666666667,10,9.333333333,8.25,38.375,8,14
105,0.9375,0.95,0.722222222,0.666666667,0.666666667,0.777777778,14.13333333,11.26315789,16.92307692,51,9.583333333,26.71428571
106,0.8125,1,0.555555556,0.666666667,0.611111111,0.611111111,9.384615385,12.26666667,14,41.83333333,8.727272727,17.27272727
108,1,1,0.833333333,0.333333333,0.722222222,0.666666667,14.25,11.58823529,12.33333333,35.16666667,11.92307692,17.08333333
109,1,1,0.5,0.611111111,0.944444444,0.333333333,16.47058824,10.61111111,20.33333333,44.81818182,14.88235294,31.5
110,0.941176471,0.894736842,0.882352941,0.333333333,1,0.611111111,13.75,12.47058824,16.26666667,56,13.16666667,32
111,1,0.875,0.777777778,0.388888889,0.944444444,0.333333333,14,9.571428571,10.71428571,46.71428571,14.23529412,22
114,0.9375,1,0.944444444,0.444444444,0.777777778,0.777777778,12,12.13333333,15.35294118,62.875,11.71428571,21.85714286
115,1,1,0.647058824,0.5,1,0.611111111,11.94736842,10.94736842,10.09090909,36.66666667,9.166666667,19.63636364
116,0.941176471,0.941176471,0.833333333,0.444444444,0.888888889,0.555555556,14.875,9.8125,10.13333333,33.875,12.75,19.8
120,1,0.941176471,0.666666667,0.555555556,0.888888889,0.611111111,13.11764706,15.5625,19.58333333,43.9,12.125,21.90909091
123,0.9375,0.947368421,0.222222222,0.722222222,0.944444444,0.611111111,9.333333333,8.777777778,6,45.61538462,9.470588235,27.45454545
124,0.888888889,1,0.611111111,0.333333333,0.722222222,0.388888889,13.1875,11.73684211,5.454545455,53.33333333,9.076923077,10.85714286
126,0.941176471,1,0.611111111,0.333333333,0.944444444,0.555555556,19.3125,11.22222222,11,41.16666667,14.47058824,34.5
127,0.947368421,1,0.625,0.333333333,0.611111111,0.666666667,13.66666667,9.444444444,10.8,32.83333333,9,20.25
128,0.888888889,1,0.352941177,0.5,0.888888889,0.333333333,12.75,10.66666667,10,35.11111111,11.0625,13.83333333
129,1,1,0.666666667,0.555555556,0.888888889,0.388888889,13.64705882,10.78947368,8,34.9,8.125,11.85714286
130,0.9375,1,0.823529412,0.444444444,0.888888889,0.444444444,14.86666667,10.375,6.857142857,37.5,9.1875,12.875
132,0.947368421,1,0.611111111,0.611111111,0.888888889,0.5,14.94444444,12,9.090909091,69.27272727,9.1875,21.88888889
134,1,1,0.722222222,0.388888889,0.888888889,0.444444444,11.4375,7.529411765,8.923076923,18.14285714,9.125,16.875
136,1,1,0.611111111,0.444444444,0.777777778,0.611111111,12.23529412,14.38888889,8.909090909,58.375,7.642857143,28.09090909
137,0.944444444,1,0.666666667,0.5,0.888888889,0.5,10.23529412,10.88888889,9.333333333,31.77777778,8.75,35.33333333
140,0.941176471,1,0.722222222,0.388888889,0.888888889,0.444444444,16.3125,11.46666667,21.08333333,56.28571429,12.375,23.375
141,1,1,0.647058824,0.444444444,0.833333333,0.388888889,15.11764706,11.4,6.636363636,40.42857143,8.666666667,19.14285714
143,0.9375,1,0.888888889,0.5,0.777777778,0.5,16.8,11.94117647,12,39.77777778,12.92857143,21
144,0.9375,1,0.444444444,0.555555556,0.888888889,0.555555556,9.533333333,11.38888889,12.375,41.8,6.625,40.1
145,0.866666667,1,0.555555556,0.555555556,0.555555556,0.5,8.846153846,9.529411765,4.9,42.6,6,26.33333333
146,1,1,0.722222222,0.5,1,0.444444444,16.41176471,11.73684211,14.84615385,84.22222222,18.44444444,21.75
148,1,1,0.555555556,0.5,0.833333333,0.555555556,11.375,14.07142857,5.7,54.44444444,6.6,39.8
149,0.944444444,0.933333333,0.555555556,0.444444444,1,0.5,15.82352941,9.071428571,21,45.25,16.16666667,16.77777778
150,0.941176471,1,0.666666667,0.722222222,0.944444444,0.611111111,13.625,9.625,12.16666667,38.53846154,11.23529412,22.18181818
152,0.941176471,1,0.764705882,0.555555556,0.888888889,0.333333333,14.6875,8.470588235,18,39.8,14,30.66666667
154,0.944444444,0.941176471,0.555555556,0.5,0.722222222,0.722222222,10.41176471,10.6875,6.3,61.22222222,10.61538462,27.46153846
157,1,1,0.777777778,0.555555556,0.888888889,0.555555556,14.5,13.3125,14.64285714,58.2,12.9375,26.7
158,1,1,0.722222222,0.444444444,0.944444444,0.555555556,12.76470588,13.82352941,11.07692308,50.125,5.352941176,28.9
159,0.9375,1,0.888888889,0.611111111,0.833333333,0.444444444,11.86666667,8.4,14.125,48.36363636,10.86666667,24.5
160,1,1,0.722222222,0.722222222,0.888888889,0.555555556,12.8125,12.83333333,10.61538462,44.69230769,10.625,19.3
163,1,1,0.705882353,0.555555556,0.944444444,0.444444444,12.5,12.05882353,25.25,62.9,10.58823529,21.125
165,0.928571429,1,0.705882353,0.222222222,0.722222222,0.833333333,11.23076923,11.2,8.75,47.75,13.69230769,41.06666667
167,,,0.388888889,0.444444444,0.833333333,0.333333333,,,4.285714286,48.25,9.533333333,12.33333333
169,0.947368421,0.941176471,0.647058824,0.388888889,0.555555556,0.444444444,12.38888889,9.1875,11.72727273,52.85714286,6.6,24.625
170,1,1,0.944444444,0.388888889,0.722222222,0.722222222,16.55555556,15.11764706,13.88235294,47,10.76923077,43.84615385
171,0.941176471,1,0.5625,0.5,0.722222222,0.611111111,11.6875,17.6875,19.66666667,50.66666667,13.69230769,23.27272727
173,0.888888889,0.944444444,0.611111111,0.388888889,0.833333333,0.444444444,10.75,10.76470588,7.727272727,44,8.066666667,39.875
174,1,1,0.588235294,0.388888889,0.777777778,0.444444444,15.94117647,11.58823529,10.6,50.14285714,16.92857143,29.875
175,0.933333333,0.8125,0.722222222,0.5,1,0.166666667,18.78571429,9.692307692,7,38.44444444,12.88888889,8.666666667
176,0.933333333,1,0.294117647,0.777777778,0.833333333,0.555555556,9.285714286,10.58823529,6.4,32.35714286,6.266666667,24.5
179,1,1,0.555555556,0.611111111,0.722222222,0.388888889,11.26315789,12.3125,9.7,41.54545455,13.38461538,11.85714286
181,0.888888889,1,0.722222222,0.611111111,0.777777778,0.277777778,12.25,14.28571429,6.461538462,31.27272727,8.571428571,11
182,0.888888889,1,0.722222222,0.5,0.888888889,0.666666667,11.4375,15.77777778,18.69230769,66.44444444,17.125,31.41666667
184,0.888888889,0.928571429,,,0.722222222,0.611111111,7.3125,8.692307692,,,7.692307692,26.54545455
186,1,1,,,0.722222222,0.777777778,12.94117647,11.68421053,,,7.538461538,23.64285714
187,1,1,0.722222222,0.444444444,0.722222222,0.444444444,10.625,11.5,6.615384615,49.875,7.769230769,14.75
188,1,1,0.444444444,0.666666667,0.722222222,0.444444444,6.9375,11.66666667,6.375,36.27272727,7.230769231,37.5
189,0.941176471,1,0.833333333,0.444444444,0.666666667,0.5,15.0625,13,17.53333333,52.75,16.58333333,37.11111111
190,0.941176471,1,0.666666667,0.555555556,0.777777778,0.611111111,14.0625,11.89473684,16.91666667,48.9,9,33.72727273
191,1,1,0.777777778,0.388888889,0.833333333,0.388888889,16.05555556,11.38888889,17.07142857,55.85714286,9.2,15.28571429
192,1,0.875,0.666666667,0.388888889,0.944444444,0.444444444,17.75,12.71428571,16.75,53.14285714,10.11764706,33.375
194,0.947368421,1,0.611111111,0.5,0.666666667,0.833333333,12.11111111,12.8125,15.63636364,49.77777778,7.833333333,24.13333333
195,1,1,0.944444444,0.5,0.944444444,0.555555556,16.22222222,8.357142857,14.58823529,62.11111111,15.58823529,44.7
196,0.882352941,0.923076923,0.888888889,0.611111111,0.777777778,0.888888889,13.93333333,11.16666667,23.0625,44.72727273,18.92857143,29
197,0.9375,1,0.666666667,0.722222222,0.833333333,0.166666667,22.33333333,12,15.5,39.30769231,14.86666667,13.33333333
198,0.8125,1,0.722222222,0.611111111,0.666666667,0.555555556,10.38461538,11.4,7.25,45.09090909,7.583333333,15.6
199,1,1,0.75,0.5,0.777777778,0.722222222,13.11764706,10.29411765,17.83333333,81.88888889,8.571428571,33.38461538
200,0.928571429,1,0.444444444,0.444444444,0.666666667,0.555555556,9.692307692,12.125,8.25,45.625,7.916666667,16
202,0.894736842,0.944444444,0.444444444,0.5,0.777777778,0.555555556,10.58823529,10.70588235,9.875,48,7.142857143,22.1
203,0.941176471,0.944444444,0.666666667,0.444444444,0.888888889,0.388888889,14.375,11.23529412,10.27272727,36.25,12.8,19
205,0.894736842,0.941176471,0.611111111,0.5,0.833333333,0.611111111,9.058823529,10,8.363636364,64.55555556,6.733333333,36.36363636
206,0.823529412,1,0.529411765,0.388888889,1,0.611111111,10.85714286,11.05555556,5.666666667,36.42857143,7.833333333,27.27272727
207,1,1,0.5,0.666666667,0.555555556,0.388888889,13.0625,11.61111111,12,66.83333333,8.6,7.571428571
208,0.875,1,0.611111111,0.666666667,0.777777778,0.666666667,10.42857143,13.72222222,14.9,68.83333333,7.357142857,36.5
209,1,0.944444444,0.6875,0.333333333,0.888888889,0.444444444,14.57894737,12.76470588,25.81818182,48.66666667,8.5,33.625
210,1,1,0.611111111,0.666666667,0.888888889,0.555555556,9.533333333,13.23529412,12.90909091,57.25,8.3125,35.5
212,0.928571429,1,0.555555556,0.444444444,0.555555556,0.5,15.84615385,11.83333333,16.4,70.875,9.5,13.55555556
214,1,0.941176471,0.666666667,0.555555556,0.888888889,0.333333333,13.31578947,12.625,10.16666667,52.9,8.733333333,8.666666667
216,1,0.9375,0.555555556,0.666666667,0.777777778,0.277777778,11.25,8.866666667,11,54.08333333,13,14.8
218,0.9375,1,0.833333333,0.611111111,0.833333333,0.5,13,9.823529412,9.066666667,30.81818182,5.866666667,18
219,0.875,0.933333333,0.444444444,0.277777778,0.611111111,0.555555556,8.571428571,10.28571429,4.25,52.6,7.909090909,10.4
220,1,1,0.833333333,0.5,0.888888889,0.222222222,14.15789474,12.73333333,11.93333333,32.11111111,11,15.75
222,0.933333333,1,0.470588235,0.5,0.722222222,0.388888889,13.14285714,8.25,17,30.33333333,13.84615385,38.14285714
223,1,1,0.444444444,0.388888889,0.888888889,0.555555556,8.4,13.10526316,5.5,51.57142857,8.1875,20.4
224,0.9375,0.933333333,0.692307692,0.5,0.888888889,0.444444444,13.6,14.07142857,13.88888889,51.22222222,6.5,28.125
225,0.894736842,1,0.444444444,0.444444444,0.611111111,0.555555556,9.764705882,12.86666667,13,52.125,8.727272727,19.3
226,0.941176471,0.888888889,0.611111111,0.611111111,0.888888889,0.777777778,10.375,10.625,13.54545455,55.72727273,9.1875,46.14285714
227,1,0.944444444,0.5,0.388888889,0.833333333,0.666666667,8.2,7.352941176,10.33333333,38.42857143,8.666666667,19.75
228,1,1,0.388888889,0.555555556,0.833333333,0.666666667,12.52941176,9.176470588,12.14285714,40.8,11.73333333,33.16666667
230,0.95,1,0.555555556,0.5,0.888888889,0.444444444,13.42105263,12.17647059,7.6,37.33333333,8.75,19.75
232,0.888888889,1,0.666666667,0.722222222,0.777777778,0.611111111,8.5,10.77777778,11.33333333,48.23076923,10.14285714,13.81818182
234,0.941176471,0.944444444,0.5,0.555555556,0.833333333,0.5,17.8125,10.23529412,11.22222222,60.1,14.66666667,20.66666667
236,0.888888889,1,0.777777778,0.555555556,0.833333333,0.444444444,11.875,9.736842105,17.64285714,36.3,12.46666667,7.25
237,1,1,0.611111111,0.388888889,0.722222222,0.611111111,9.833333333,9.411764706,17.90909091,32.42857143,9.692307692,19.90909091
239,0.947368421,0.9375,0.5,0.555555556,0.944444444,0.555555556,15.5,9.666666667,18.88888889,44.8,10.58823529,27.2
240,1,1,0.666666667,0.611111111,1,0.611111111,10.5,11.88888889,6.166666667,33.81818182,9.222222222,13.09090909
241,1,1,0.5,0.444444444,0.888888889,0.388888889,11.41176471,15.8,16.22222222,49.875,12.8125,35.28571429
242,0.947368421,1,0.555555556,0.5,0.777777778,0.666666667,7.944444444,10.77777778,5.5,40.88888889,5,27.58333333
243,0.933333333,1,0.388888889,0.388888889,0.777777778,0.777777778,7.357142857,10.27777778,4.5,21.57142857,7.5,31.5
245,0.894736842,1,0.5,0.277777778,0.5,0.666666667,7.352941176,12.2,3.444444444,54.4,4.777777778,23.33333333
246,0.933333333,1,0.722222222,0.555555556,0.888888889,0.444444444,12.28571429,13,12.61538462,48.7,10.4375,51.25
247,0.941176471,1,0.5,0.5,0.611111111,0.833333333,10.0625,10.55555556,8.444444444,72.44444444,7.454545455,59.8
249,1,0.875,0.611111111,0.666666667,0.888888889,0.555555556,8.75,8.642857143,8.363636364,35.5,5.1875,39.1
251,0.933333333,1,0.555555556,0.611111111,0.777777778,0.444444444,8.571428571,12.5,9.8,38.36363636,7.785714286,14.125
253,,,0.666666667,0.5,0.944444444,0.611111111,,,13.25,70.55555556,12.64705882,36.54545455
254,,,0.666666667,0.388888889,0.944444444,0.611111111,,,11.83333333,32.85714286,8.588235294,24.09090909
256,1,1,0.666666667,0.444444444,0.888888889,0.444444444,10.5,9.277777778,19.16666667,37.375,10.0625,35
259,1,1,0.529411765,0.722222222,0.833333333,0.333333333,14.6,10.05882353,6.888888889,43.76923077,12.4,7.166666667
260,0.9375,1,0.444444444,0.5,0.555555556,0.777777778,6.466666667,8.823529412,9.25,39.66666667,6.4,22.28571429
262,0.933333333,1,0.666666667,0.444444444,0.722222222,0.611111111,11.07142857,14.30769231,6.909090909,50.5,8.846153846,14.54545455
263,1,1,0.5,0.444444444,0.888888889,0.5,10.93333333,9.8,6.222222222,31.375,6.375,45.66666667
264,0.944444444,1,0.555555556,0.555555556,0.888888889,0.555555556,10.82352941,17.35,7.9,44.3,8.9375,21.2
266,1,0.888888889,0.555555556,0.388888889,0.833333333,0.611111111,9.470588235,9.125,10.5,48.14285714,7.8,17.72727273
267,0.888888889,1,0.611111111,0.444444444,0.611111111,0.666666667,7.1875,12,4.454545455,39.75,5.181818182,20.41666667
268,1,0.944444444,0.944444444,0.555555556,1,0.333333333,14.5,12.23529412,13.35294118,44.6,17.27777778,13.5
270,0.823529412,1,0.833333333,0.611111111,0.833333333,0.666666667,10.71428571,7.625,9.2,40.72727273,7.133333333,14.91666667
272,1,0.777777778,0.647058824,0.611111111,0.888888889,0.388888889,15.64285714,8,21.90909091,32.18181818,14.5625,11.28571429
273,0.888888889,0.944444444,0.555555556,0.444444444,0.888888889,0.444444444,9.625,8.352941176,6.2,44.25,7.5,18.25
275,0.944444444,1,0.555555556,0.611111111,0.944444444,0.722222222,10.58823529,12.94117647,11.4,41.27272727,9.764705882,17.84615385
279,1,1,0.666666667,0.666666667,0.944444444,0.5,14.10526316,16.53333333,11.83333333,49.58333333,13.29411765,37.77777778
281,1,0.947368421,0.722222222,0.388888889,0.611111111,0.5,8.4,9.944444444,8.692307692,38.42857143,3.090909091,25.77777778
282,1,0.947368421,0.5,0.611111111,0.666666667,0.611111111,10,8.944444444,7.444444444,46.09090909,6.416666667,25.27272727
284,1,0.866666667,0.722222222,0.555555556,0.833333333,0.666666667,11.11764706,11.76923077,10.76923077,43.7,10.86666667,37.83333333
285,1,0.947368421,0.647058824,0.555555556,0.888888889,0.611111111,13,8.888888889,11.27272727,36.8,9.1875,31.09090909
289,1,1,0.666666667,0.5,0.888888889,0.722222222,15.05882353,12.47058824,7.666666667,53.55555556,10.33333333,37.30769231
291,1,0.888888889,0.705882353,0.611111111,0.833333333,0.611111111,15.5,9.6875,9.25,39.27272727,19.93333333,29.45454545
295,1,1,0.555555556,0.5,0.888888889,0.5,15.06666667,12.11764706,13.2,68.66666667,12.6875,28.77777778
297,0.842105263,1,0.5,0.666666667,0.666666667,0.722222222,10.6875,11.94117647,6.5,32.58333333,7.416666667,27.84615385
299,0.866666667,1,0.555555556,0.5,0.611111111,0.722222222,7.769230769,12.2,5.6,44.33333333,6.181818182,30.46153846
301,0.823529412,1,0.833333333,0.5,0.944444444,0.611111111,13.35714286,10.0625,9.4,57.33333333,10.64705882,18.90909091
303,1,1,0.5,0.555555556,0.666666667,0.555555556,7.882352941,9.294117647,4.25,43.3,5.25,53.6
304,1,1,0.888888889,0.5,0.888888889,0.666666667,12.76470588,9,9.4375,45.55555556,10,23.66666667
305,0.9375,0.944444444,0.333333333,0.388888889,0.722222222,0.555555556,11.13333333,8.294117647,10.66666667,45.85714286,7.615384615,26
306,1,0.944444444,0.777777778,0.722222222,0.888888889,0.444444444,15.9375,12.23529412,20.92857143,38.30769231,22.25,34
308,0.941176471,1,0.666666667,0.166666667,0.888888889,0.555555556,14.5625,12,9,36,10.5,22.5
309,1,1,0.666666667,0.277777778,0.833333333,0.277777778,10.82352941,12.375,11.33333333,57,9,19
310,0.875,1,0.555555556,0.333333333,0.944444444,0.666666667,12.07142857,14.38888889,10.7,40.5,8.294117647,36.83333333
311,0.941176471,1,0.611111111,0.555555556,0.833333333,0.277777778,14.4375,14.58823529,6.545454546,38.2,9.642857143,10.6
312,0.928571429,1,0.611111111,0.388888889,0.666666667,0.555555556,9.692307692,11.35294118,16.36363636,44.85714286,7.916666667,43
313,,,0.833333333,0.555555556,0.944444444,0.388888889,,,7.866666667,33.6,9.764705882,15.57142857
314,1,1,0.666666667,0.388888889,0.944444444,0.611111111,10.17647059,8.764705882,7.083333333,38.57142857,7,22.72727273
316,1,1,0.5,0.444444444,0.833333333,0.444444444,9.888888889,8.555555556,9.111111111,26.5,6.933333333,29
317,0.933333333,0.888888889,0.388888889,0.444444444,0.666666667,0.777777778,8.285714286,9.6875,3,62.5,5.833333333,19.14285714
323,1,0.941176471,0.944444444,0.777777778,0.944444444,0.333333333,18.94444444,11.75,16.29411765,42.92857143,13,29.33333333
324,0.9375,1,0.733333333,0.722222222,0.777777778,0.611111111,13.13333333,10,5.545454546,52.92307692,9.642857143,31.36363636
326,1,1,0.444444444,0.611111111,0.888888889,0.611111111,12.88888889,14,10.5,50.45454546,10.625,26.27272727
328,0.833333333,1,0.777777778,0.5,0.833333333,0.722222222,12.46666667,13.05555556,8.428571429,45.11111111,11.2,31.07692308
330,1,0.777777778,0.722222222,0.611111111,1,0.277777778,14.33333333,12.07142857,26.46153846,52.27272727,14.83333333,17.8
331,1,0.933333333,0.666666667,0.611111111,0.833333333,0.611111111,17.11764706,10.85714286,8.166666667,40.27272727,9.266666667,15
332,0.9375,1,0.555555556,0.388888889,0.888888889,0.666666667,14.93333333,15.52941176,17.9,35.57142857,12.3125,52.91666667
333,0.9375,0.941176471,0.666666667,0.611111111,0.944444444,0.5,13.4,13.3125,8.666666667,80.45454546,13.52941176,37.88888889
334,1,1,0.529411765,0.388888889,0.888888889,0.611111111,9.4,9.157894737,8.444444444,43.42857143,9.8125,16.63636364
335,0.9375,1,0.555555556,0.388888889,0.777777778,0.611111111,10.06666667,12.38888889,13,82,8,20.27272727
336,0.944444444,1,0.555555556,0.5,0.777777778,0.777777778,10.76470588,9.941176471,7.2,32.55555556,10.21428571,20.28571429
337,1,0.916666667,0.555555556,0.555555556,1,0.333333333,14.94736842,14.54545455,11.8,45.3,11.94444444,28.16666667
338,1,1,0.5,0.111111111,0.888888889,0.555555556,9.421052632,7.5,5.333333333,36,7,31.9
341,1,1,0.5,0.444444444,0.777777778,0.555555556,8,13,8.222222222,37.125,10.21428571,18.5
342,1,1,0.222222222,0.333333333,0.555555556,0.5,6.705882353,9.75,5.75,65.83333333,5,19.55555556
344,0.857142857,1,0.388888889,0.555555556,0.722222222,0.666666667,7.666666667,11.9375,5.714285714,66.3,7.846153846,25.58333333
345,0.846153846,1,0.611111111,0.333333333,1,0.722222222,9.272727273,12.66666667,10.72727273,35.4,10.94444444,32.76923077
348,0.941176471,0.9375,0.5,0.5,0.833333333,0.722222222,9.875,12.86666667,6.444444444,81.77777778,7.466666667,52
349,0.823529412,1,0.555555556,0.222222222,0.722222222,0.5,11.78571429,17.78571429,16,66,12.53846154,46.55555556
351,0.944444444,1,0.777777778,0.333333333,0.944444444,0.555555556,14.64705882,10.76470588,8.785714286,29.5,7.764705882,27.2
356,1,0.933333333,0.777777778,0.722222222,0.833333333,0.611111111,10.3125,13.78571429,6.071428571,32.30769231,8.266666667,20.45454545
357,1,0.875,0.823529412,0.277777778,0.777777778,0.611111111,8.5625,12.57142857,9.384615385,38,7.357142857,24.63636364
358,1,1,0.444444444,0.388888889,0.944444444,0.833333333,11.57894737,12.73684211,10.25,36,10.11764706,36.13333333
360,1,1,0.666666667,0.444444444,0.944444444,0.777777778,12.22222222,10.47058824,9.25,51.5,8.823529412,34
361,0.785714286,1,0.5,0.666666667,0.777777778,0.833333333,8.272727273,9,6.555555556,40.66666667,7.928571429,33.73333333
362,1,1,0.833333333,0.555555556,0.666666667,0.5,15.17647059,12.94117647,14.06666667,32.6,8.416666667,13.33333333
364,0.941176471,0.944444444,0.333333333,0.5,0.833333333,0.777777778,12.125,8.294117647,13,40.66666667,8.466666667,33.07142857
366,1,0.928571429,0.777777778,0.5,0.888888889,0.5,11,13.46153846,10.92857143,39.77777778,12.625,31.55555556
369,1,0.9375,0.555555556,0.388888889,0.833333333,0.277777778,11.125,10.2,7.3,53.57142857,11.86666667,23.2
371,0.842105263,1,0.555555556,0.277777778,0.833333333,0.722222222,8.5,10.15789474,9.4,52,5.6,41.53846154
379,0.933333333,1,0.555555556,0.5,0.722222222,0.777777778,9.214285714,9.833333333,7.1,53.77777778,8.538461538,39.28571429
380,1,1,0.5,0.333333333,0.833333333,0.722222222,10.86666667,10,6.888888889,39,9.4,19
383,1,1,0.444444444,0.333333333,0.888888889,0.5,8.6875,12.875,9.125,48.5,9.466666667,40.44444444
384,1,0.941176471,0.5,0.444444444,0.833333333,0.722222222,9.375,9.5625,15,46.125,10.6,34.84615385
385,1,1,0.666666667,0.444444444,1,0.444444444,15.23529412,10.8,14.75,41.875,10.5,13.5
386,1,0.95,0.5,0.5,0.944444444,0.666666667,9.777777778,13.94736842,6.222222222,57.44444444,6.529411765,50
388,0.944444444,1,0.611111111,0.444444444,0.777777778,0.722222222,11.70588235,10.375,10.81818182,40.5,8.357142857,11.15384615
390,0.916666667,1,0.736842105,0.666666667,0.944444444,0.555555556,10.18181818,13.0625,8,45,9.941176471,21.7
393,1,0.941176471,0.611111111,0.5,0.833333333,0.444444444,14.29411765,11.5625,17.09090909,46.11111111,9.333333333,16
394,1,1,0.705882353,0.444444444,0.833333333,0.5,11.8125,10.9375,10.5,40.25,10.06666667,21.44444444
395,0.944444444,1,0.833333333,0.5,0.722222222,0.277777778,15.70588235,10,16.46666667,43.44444444,15.61538462,22.4
396,0.941176471,1,0.666666667,0.5,0.944444444,0.722222222,9.4375,8.615384615,12.25,34,11.47058824,14
397,1,1,0.833333333,0.666666667,0.777777778,0.333333333,11.29411765,11.94117647,10.46666667,38.75,13.78571429,9.5
399,0.928571429,1,0.222222222,0.333333333,0.555555556,0.555555556,9,8.352941176,2.25,29,6.9,16.5
403,0.933333333,1,0.222222222,0.555555556,0.833333333,0.5,11.92857143,10.13333333,6.5,41.6,6.866666667,21.55555556
409,1,1,0.611111111,0.611111111,0.833333333,0.611111111,12.15789474,9.235294118,12.81818182,38.81818182,8.6,30.63636364
411,0.941176471,1,0.666666667,0.611111111,0.944444444,0.833333333,9.8125,7.294117647,6.5,26.63636364,8.882352941,27.2
414,0.923076923,0.933333333,0.666666667,0.333333333,0.777777778,0.388888889,11.66666667,8.5,13.83333333,35.83333333,10.92857143,12.57142857
415,1,1,0.277777778,0.611111111,0.833333333,0.5,7.266666667,11.46153846,5.4,51.18181818,6.466666667,24.55555556
416,1,0.9375,0.611111111,0.555555556,0.833333333,0.777777778,14.52631579,17.6,15.45454546,46.11111111,11.06666667,28.71428571
417,1,1,0.722222222,0.666666667,1,0.388888889,15.88235294,11.66666667,36.61538462,51.75,14.33333333,35.14285714
418,0.875,0.9375,0.722222222,0.666666667,0.888888889,0.944444444,9.642857143,14.06666667,13.84615385,50.75,11.25,27.94117647
420,1,0.933333333,0.722222222,0.333333333,0.833333333,0.888888889,14.66666667,10.5,15.53846154,30,11.33333333,21.4375
423,0.882352941,1,0.777777778,0.5,0.777777778,0.444444444,14.4,9.823529412,11.14285714,25.55555556,8.357142857,30.25
426,1,0.777777778,0.888888889,0.611111111,0.888888889,0.5,13.35714286,8.142857143,8.875,43.63636364,25.5625,14
427,0.9375,1,0.444444444,0.5,0.777777778,0.444444444,18.73333333,12.41176471,16.75,45.88888889,10.14285714,16
428,0.894736842,1,0.444444444,0.611111111,1,0.833333333,10.35294118,10.46666667,12.125,42.81818182,9.833333333,20.13333333
429,1,0.8,0.722222222,0.444444444,1,0.444444444,20.21052632,9.75,14.76923077,76.25,15.77777778,22
431,1,0.928571429,0.722222222,0.666666667,0.833333333,0.388888889,13.26315789,11.61538462,22.46153846,48,11.06666667,43.42857143
432,1,0.882352941,0.833333333,0.555555556,0.888888889,0.666666667,11.71428571,8.333333333,10,30.3,11.3125,54.08333333
434,0.888888889,1,0.722222222,0.611111111,0.888888889,0.277777778,17.125,11.29411765,23.15384615,43.8,17.8125,15
435,,,0.777777778,0.5,0.944444444,0.5,,,15.5,50.11111111,13.47058824,24.66666667
436,1,0.866666667,0.888888889,0.444444444,0.777777778,0.277777778,16.31578947,7.153846154,15.9375,17.5,15.71428571,9.4
438,1,1,0.666666667,0.444444444,0.777777778,0.611111111,13,10,11.33333333,38.75,9.785714286,20.36363636
439,0.9375,1,0.722222222,0.555555556,1,0.722222222,11,15,8.153846154,55.4,10.38888889,35.92307692
440,1,0.944444444,0.588235294,0.555555556,0.833333333,0.555555556,9.705882353,13.94117647,7.9,48.3,7.2,17.2
442,1,1,0.866666667,0.611111111,0.888888889,0.666666667,13.27777778,12.71428571,10.61538462,27.72727273,6,22.83333333
444,1,1,0.388888889,0.5,0.888888889,0.777777778,9.611111111,12.22222222,8.428571429,42.44444444,8.4375,17.5
445,1,1,0.777777778,0.5,0.944444444,0.722222222,14.15,10.57142857,14,29.33333333,15.23529412,31.92307692
447,0.85,1,0.777777778,0.5,0.833333333,0.5,11.76470588,13.77777778,15.64285714,67.44444444,9.4,33.77777778
448,0.944444444,0.941176471,0.722222222,0.5,,,21.41176471,10,23.53846154,43.88888889,,
449,0.9375,1,0.6875,0.555555556,0.888888889,0.277777778,9.266666667,7.315789474,5.545454546,33.3,7.875,10.4
450,0.888888889,0.944444444,0.722222222,0.444444444,0.833333333,0.388888889,10.625,12,10.92307692,31.375,9.6,23.14285714
452,0.947368421,1,0.5,0.666666667,0.944444444,0.611111111,14.05555556,10,14.11111111,45.91666667,12.47058824,34.81818182
454,1,1,0.777777778,0.444444444,0.722222222,0.555555556,13.11764706,10.21052632,15.71428571,58.5,9,22.4
455,1,1,0.611111111,0.555555556,0.833333333,0.277777778,12,13.4375,11.18181818,47,11.8,16.2
456,1,0.933333333,0.666666667,0.388888889,0.833333333,0.611111111,12.53333333,16.07142857,14.5,48.71428571,9.666666667,29
457,0.944444444,0.941176471,0.722222222,0.777777778,0.888888889,0.555555556,11.17647059,11,12.38461539,63.85714286,10.0625,19.1
458,0.928571429,0.941176471,0.823529412,0.388888889,0.944444444,0.222222222,17,11.25,8,39.71428571,14.47058824,13
459,1,0.941176471,0.611111111,0.666666667,0.944444444,0.666666667,9.058823529,11.375,9.909090909,72.33333333,11.58823529,39.91666667
460,1,1,0.777777778,0.444444444,0.944444444,0.388888889,11.2,11.88888889,14.85714286,35.625,10.58823529,13.42857143
461,1,0.8125,0.944444444,0.555555556,0.833333333,0.222222222,14.75,13.69230769,33,43.9,17.86666667,13.75
462,1,1,0.722222222,0.5,0.888888889,0.388888889,15.66666667,10.11764706,14.76923077,33.33333333,8.6875,13.85714286
463,1,0.875,0.588235294,0.555555556,1,0.666666667,10.83333333,9.071428571,8.2,37.5,11.05555556,23.08333333
466,1,0.941176471,0.444444444,0.722222222,0.555555556,0.611111111,8.5,11.375,5.875,33.30769231,7.1,11.63636364
469,1,0.947368421,0.470588235,0.444444444,0.944444444,0.555555556,10.14285714,10.72222222,8.5,65.5,9.470588235,10.4
470,,,0.888888889,0.666666667,0.888888889,0.722222222,,,30.375,39.83333333,20.3125,25.92307692
472,1,0.941176471,0.777777778,0.111111111,1,0.333333333,19,11.75,11.57142857,32.5,13.83333333,12.83333333
473,0.933333333,0.944444444,0.5,0.444444444,0.666666667,0.722222222,11.14285714,9.588235294,6.111111111,61.875,11.91666667,30.61538462
475,0.9375,1,0.705882353,0.444444444,0.722222222,0.611111111,12.53333333,7.6875,14.75,44.75,9.230769231,20.45454545
476,0.933333333,1,0.777777778,0.555555556,0.888888889,0.555555556,15.28571429,11.38461538,13.92857143,54,13.25,22.2
477,0.941176471,0.947368421,,,,,13.6875,14.33333333,,,,
481,1,0.941176471,0.666666667,0.166666667,0.944444444,0.555555556,16,18.875,6.666666667,51.66666667,12.35294118,32.4
484,1,1,0.666666667,0.388888889,0.888888889,0.333333333,11.76470588,10.76923077,6.416666667,29.57142857,8.25,28.66666667
485,1,1,0.611111111,0.5,0.833333333,0.5,9.9375,9.588235294,6.363636364,43.44444444,8.866666667,10
486,1,1,0.555555556,0.388888889,0.833333333,0.5,9.529411765,12.06666667,6.1,44.42857143,7.533333333,26.66666667
489,1,1,1,0.5,0.833333333,0.444444444,19.8,10.75,16.2,41.44444444,14.53333333,20.5
490,1,0.888888889,0.833333333,0.611111111,0.777777778,0.333333333,15.17647059,10.875,15.2,46.81818182,12.85714286,11
494,0.933333333,0.888888889,0.5,0.555555556,0.722222222,0.555555556,10.42857143,10.5,10,41.2,9.384615385,16.8
495,1,0.933333333,0.722222222,0.555555556,0.944444444,0.444444444,16,13.57142857,10.38461539,51.1,12.58823529,28
496,1,1,0.555555556,0.444444444,0.777777778,0.333333333,11.73333333,9.529411765,6.444444444,40.75,7.071428571,21.66666667
499,1,0.944444444,0.944444444,0.333333333,0.777777778,0.388888889,17.73684211,12.17647059,14.11764706,35.83333333,15.78571429,11.71428571
503,1,1,0.722222222,0.5,0.833333333,0.722222222,13.16666667,10.88888889,15.92307692,45.33333333,12.53333333,33.23076923
504,1,1,0.75,0.444444444,0.777777778,0.388888889,14.21052632,9.1875,6.25,30.125,11.28571429,8.285714286
506,0.9375,0.882352941,0.722222222,0.722222222,0.944444444,0.722222222,14.46666667,9.8,13.30769231,38.61538462,13.41176471,28
507,0.941176471,1,0.777777778,0.5,1,0.444444444,12.875,9.375,27.57142857,30.55555556,14.33333333,20.125
508,0.888888889,1,0.944444444,0.5,0.777777778,0.666666667,11,10.0625,14.64705882,42.88888889,13.42857143,18.91666667
509,0.8125,1,0.777777778,0.5,1,0.5,11.53846154,9.842105263,11,36.33333333,12.94444444,17
510,1,0.846153846,0.705882353,0.388888889,0.888888889,0.444444444,12.52941176,7.636363636,8.833333333,30,12,21.375
513,0.888888889,1,0.5,0.5,0.611111111,0.388888889,11.25,12.33333333,9.222222222,44.55555556,11.72727273,23.14285714
515,0.941176471,1,0.722222222,0.722222222,0.888888889,0.5,14.9375,8.4375,9.923076923,57.76923077,13.5,26.88888889
516,0.941176471,0.941176471,0.666666667,0.611111111,0.888888889,0.388888889,13.4375,13.8125,8.166666667,125,12.125,18
519,0.941176471,0.941176471,0.722222222,0.555555556,0.722222222,0.722222222,12.3125,9.6875,13.46153846,46.5,8.076923077,32.69230769
520,0.882352941,1,0.5,0.666666667,0.444444444,0.444444444,11.26666667,11.52631579,8.888888889,49.16666667,5.375,18.5
521,1,1,0.888888889,0.777777778,0.888888889,0.388888889,12.82352941,10.5,14.625,46.85714286,12.3125,10
522,0.733333333,1,0.277777778,0.333333333,0.777777778,0.277777778,10.18181818,11.35294118,10.6,76.5,8.571428571,29.4
524,1,1,0.823529412,0.833333333,0.888888889,0.333333333,11.88235294,12.875,24.57142857,39.8,10.8125,28
527,1,1,0.944444444,0.5,0.944444444,0.333333333,12.27777778,9.263157895,15.11764706,33,12.76470588,20.33333333
528,1,1,0.833333333,0.555555556,0.944444444,0.5,12.47368421,13.33333333,11.73333333,43,9,85.22222222
530,1,0.944444444,0.666666667,0.277777778,0.722222222,0.777777778,11.0625,10.35294118,14.83333333,33.6,10.38461538,29.92857143
535,1,0.882352941,0.777777778,0.444444444,0.888888889,0.388888889,17.61111111,9.8,7.857142857,52.625,8.8125,25.28571429
536,1,1,0.777777778,0.611111111,0.833333333,0.555555556,18.375,8.666666667,11.35714286,52.81818182,9.533333333,22.3
540,0.857142857,1,0.777777778,0.611111111,0.833333333,0.222222222,10.41666667,12.72222222,24.85714286,34.54545455,19.4,17.5
541,1,1,0.611111111,0.555555556,0.777777778,0.388888889,13.75,11.4375,9.454545455,44.8,11.14285714,7.428571429
545,1,1,0.666666667,0.444444444,0.833333333,0.5,14.52941176,13.625,13,61.625,9.8,22.44444444
547,1,1,0.722222222,0.444444444,0.944444444,0.444444444,11.66666667,9.45,8.846153846,33.75,10.29411765,27.125
548,0.882352941,1,0.611111111,0.777777778,0.666666667,0.333333333,10.2,12.6,10.45454546,36,9.25,14.33333333
549,1,1,0.4375,0.555555556,0.944444444,0.666666667,15.375,10.05,10.71428571,25.1,9.411764706,15.66666667
550,1,0.894736842,0.555555556,0.277777778,0.722222222,0.555555556,10.26315789,12,16,39.2,8.769230769,30.9
552,1,1,0.611111111,0.444444444,0.888888889,0.666666667,10.42105263,11.28571429,6,40.875,11.3125,46.58333333
553,0.947368421,0.882352941,0.588235294,0.611111111,0.888888889,0.555555556,11.66666667,10.66666667,9.1,33.18181818,7.3125,17.3
558,0.944444444,1,0.235294118,0.722222222,0.666666667,0.722222222,9.764705882,14.23529412,5,43.75,9.833333333,22.07692308
559,0.933333333,1,1,0.444444444,0.777777778,0.388888889,13.28571429,12.41176471,26.94444444,55.375,12.28571429,17.71428571
560,0.947368421,1,0.777777778,0.444444444,0.722222222,0.833333333,10.44444444,12.6875,12.21428571,66.25,8.769230769,32.86666667
561,1,1,0.555555556,0.5,0.722222222,0.5,9.764705882,12.76470588,8,34.55555556,6,32.88888889
562,0.933333333,1,0.444444444,0.555555556,0.722222222,0.666666667,10.57142857,14.58823529,7.625,43.2,9.384615385,24.08333333
563,1,1,0.777777778,0.555555556,0.777777778,0.5,17.375,9.823529412,13.35714286,39.5,14.5,15.88888889
564,0.941176471,0.888888889,0.888888889,0.611111111,0.944444444,0.388888889,12.3125,12.4375,14.375,48.54545455,11.52941176,16.71428571
565,0.944444444,0.8125,0.666666667,0.555555556,0.888888889,0.444444444,12.23529412,9.307692308,8.833333333,43.5,10,29.875
567,0.944444444,1,0.777777778,0.444444444,0.888888889,0.777777778,11,9.684210526,7,43.375,8.4375,23.35714286
571,1,1,0.555555556,0.333333333,0.944444444,0.388888889,13.15789474,11,9.9,42.5,11.70588235,41.85714286
572,0.933333333,1,0.777777778,0.611111111,0.888888889,0.277777778,18.42857143,15.45,13.21428571,49.09090909,17.25,41.2
574,0.9375,0.944444444,0.333333333,0.5,0.833333333,0.611111111,9.733333333,11.70588235,9.333333333,56.44444444,11.13333333,21
575,1,0.941176471,0.555555556,0.555555556,0.888888889,0.666666667,11.27777778,12.375,11,34.8,8.4375,17.75
576,1,0.875,0.882352941,0.388888889,0.944444444,0.388888889,16.41176471,9.214285714,14.46666667,32.14285714,12.58823529,25.71428571
578,0.941176471,1,0.555555556,0.5,0.722222222,0.833333333,8.9375,9.588235294,5.4,23.11111111,6.846153846,16.6
579,0.9375,0.9375,0.722222222,0.333333333,0.833333333,0.5,10.8,10.06666667,9.076923077,22.5,8.333333333,43.22222222
581,1,1,0.555555556,0.555555556,0.833333333,0.444444444,14.82352941,13.29411765,11.6,50.7,11.93333333,23.625
582,1,0.933333333,0.555555556,0.333333333,0.833333333,0.166666667,15.9375,9.5,11.8,33,10.6,28.33333333
583,1,1,0.611111111,0.444444444,0.777777778,0.5,7.5,11.7,6.636363636,39.625,6.642857143,20.88888889
586,1,1,0.611111111,0.666666667,0.888888889,0.666666667,9.470588235,7.666666667,10.63636364,37.41666667,10.25,49
587,1,1,0.611111111,0.611111111,0.888888889,0.333333333,16.23529412,10.64705882,13,42.81818182,6.875,20.5
590,0.95,1,0.705882353,0.611111111,0.888888889,0.333333333,15.73684211,12.82352941,12.41666667,41.81818182,13.25,18.33333333
593,1,0.944444444,0.611111111,0.388888889,0.666666667,0.611111111,11,10,6.272727273,34.14285714,11.83333333,20.63636364
594,0.944444444,1,0.666666667,0.5,1,0.611111111,12.94117647,10.625,10.41666667,60.77777778,12.05882353,38.09090909
595,0.933333333,0.944444444,0.666666667,0.333333333,0.722222222,0.5,10.92857143,10.29411765,7.083333333,88,6.076923077,18.77777778
596,1,1,0.555555556,0.333333333,0.833333333,0.5,13.05555556,9.785714286,7.5,43,10.13333333,37
601,1,1,0.8,0.333333333,0.666666667,0.5,10.83333333,10.0625,8,30,8.333333333,11.44444444
602,0.846153846,0.941176471,0.555555556,0.388888889,0.722222222,0.833333333,9.181818182,12.3125,8.1,58.14285714,6.153846154,15.93333333
605,0.8,1,0.388888889,0.666666667,0.888888889,0.833333333,7.916666667,10.28571429,6,35.08333333,5.5625,32.53333333
606,1,0.9375,0.611111111,0.555555556,0.888888889,0.666666667,10.94117647,9.2,9.181818182,60.7,8.8125,22.66666667
607,1,1,0.375,0.5,0.888888889,0.333333333,14.70588235,11.35294118,8.166666667,50.22222222,10.75,12.83333333
609,1,0.9,0.666666667,0.555555556,0.777777778,0.388888889,14.33333333,10.77777778,15.58333333,28.8,14.28571429,12.28571429
610,0.9375,0.941176471,0.6875,0.555555556,0.888888889,0.388888889,14.2,11.25,7.1,36.5,11.375,56.42857143
612,0.894736842,0.866666667,0.611111111,0.666666667,1,0.333333333,11.70588235,10.76923077,10.18181818,38.25,8.333333333,10.5
614,0.8125,1,0.5,0.666666667,0.722222222,0.444444444,9.461538462,8.8,5.777777778,35.5,6.307692308,23.5
619,1,0.947368421,0.611111111,0.388888889,0.944444444,0.333333333,16.05263158,12.61111111,12.81818182,67.42857143,21.11764706,18.66666667
620,1,1,0.5,0.5,0.833333333,0.666666667,11.8,13.57894737,11.375,33.44444444,9.4,23.58333333
623,0.9375,1,0.705882353,0.5,0.944444444,0.666666667,9.2,7,7.5,27.66666667,10.05882353,17.66666667
625,1,0.947368421,0.833333333,0.611111111,0.888888889,0.333333333,16.31578947,11,10.86666667,44.27272727,19.125,12.33333333
629,1,1,0.722222222,0.666666667,0.944444444,0.666666667,12,9.235294118,8.230769231,32.41666667,11.64705882,19.5
631,0.947368421,0.933333333,0.888888889,0.666666667,0.888888889,0.5,13.88888889,12.5,11.9375,29.91666667,18.0625,31.88888889
633,0.842105263,0.894736842,0.5,0.555555556,0.777777778,0.666666667,7.0625,10.94117647,5.777777778,39.8,6,13.83333333
635,1,0.947368421,0.666666667,0.333333333,0.888888889,0.722222222,10,9.888888889,12.25,36.66666667,10.5625,23.69230769
640,0.882352941,1,0.611111111,0.388888889,0.611111111,0.722222222,9.066666667,8.736842105,5.818181818,35.28571429,6.727272727,36.46153846
642,1,1,0.555555556,0.444444444,0.777777778,0.277777778,13.58823529,14.72222222,16.3,62.875,10.92857143,22.2
644,0.941176471,0.933333333,0.611111111,0.555555556,0.722222222,0.444444444,15.3125,11.85714286,15.81818182,43.7,15.53846154,11.875
647,1,0.947368421,0.777777778,0.611111111,0.777777778,0.555555556,13.375,15.16666667,18.85714286,61,10.21428571,57.2
649,1,0.933333333,0.555555556,0.277777778,0.611111111,0.611111111,13.72222222,15.35714286,16.1,84.4,12.36363636,18.72727273
651,0.882352941,0.9375,0.611111111,0.5,0.944444444,0.444444444,14.53333333,14.8,17.81818182,33.55555556,16.17647059,21.625
656,1,1,0.611111111,0.444444444,0.833333333,0.5,14.72222222,10.72222222,6.363636364,41.25,8.933333333,30.44444444
657,1,0.882352941,0.944444444,0.611111111,0.888888889,0.722222222,14.77777778,11.93333333,12.23529412,35.27272727,9.75,23.61538462
658,1,0.9375,0.722222222,0.388888889,0.944444444,0.388888889,12.9375,10.4,7.538461539,54.57142857,14.94117647,25.14285714
659,1,1,0.466666667,0.444444444,1,0.444444444,13.35294118,14.35294118,10.57142857,33.75,14.66666667,19.25
660,0.9375,0.941176471,0.555555556,0.444444444,0.833333333,0.166666667,12.93333333,10.125,4.7,38.14285714,9.8,14
663,0.882352941,0.944444444,0.555555556,0.5,0.944444444,0.722222222,11.06666667,10.94117647,12.2,38.22222222,8.235294118,23.69230769
666,0.928571429,1,0.555555556,0.833333333,0.888888889,0.277777778,14.07692308,9.823529412,17.8,44.26666667,9.875,10
672,1,1,0.666666667,0.722222222,0.666666667,0.611111111,8.1875,9.933333333,6.916666667,41.07692308,8.75,42.90909091
676,0.866666667,0.866666667,0.611111111,0.333333333,0.944444444,0.777777778,10.23076923,8.846153846,10.45454546,42.83333333,10.11764706,37.78571429
680,1,1,0.666666667,0.555555556,1,0.277777778,16,9.473684211,21,49.5,13.16666667,18
681,0.9375,0.944444444,0.294117647,0.555555556,0.722222222,0.833333333,8.866666667,16.64705882,6.2,32,6.307692308,34.33333333
683,1,1,0.588235294,0.444444444,0.777777778,0.666666667,12.125,11.47368421,8.4,47.875,7.642857143,26
687,0.944444444,1,0.555555556,0.5,0.611111111,0.777777778,9.176470588,9,5.5,28.88888889,6,35.42857143
691,0.944444444,1,0.611111111,0.555555556,0.833333333,0.666666667,12.11764706,10.8,7.090909091,45.6,8.6,55.91666667
697,0.941176471,0.9375,0.529411765,0.388888889,0.944444444,0.722222222,12.125,8.8,11.66666667,40.28571429,10.23529412,24.53846154
700,0.9375,0.894736842,0.944444444,0.666666667,1,0.444444444,15.26666667,11.88235294,19.88235294,48.33333333,14.94444444,14.875
18,0.944444444,1,0.416666667,0.444444444,0.888888889,0.666666667,12.05882353,13.16666667,8.8,53.375,6.75,19.83333333
44,0.882352941,1,0.75,0.555555556,0.833333333,0.388888889,9.466666667,12.1875,9.333333333,26.5,8.2,9.142857143
65,0.866666667,0.823529412,0.722222222,0.666666667,0.944444444,0.333333333,20.84615385,15.5,11.92307692,71.25,11,5.333333333
138,1,1,0.777777778,0.666666667,0.944444444,0.666666667,16.17647059,8.166666667,18.46153846,48.83333333,15.70588235,9.833333333
139,1,0.95,0.9375,0.333333333,0.833333333,0.388888889,12.5625,12.57894737,12.66666667,42.33333333,7.666666667,24.71428571
147,1,1,,,,,14.33333333,13.27777778,,,,
155,1,1,0.833333333,0.722222222,0.833333333,0.555555556,16.6875,10.88888889,17,47.84615385,7.733333333,31
213,1,1,,,,,14.8125,12.75,,,,
231,1,0.947368421,,,,,12.35714286,8.888888889,,,,
352,0.928571429,1,0.722222222,0.5,1,0.666666667,14.92307692,9.230769231,7.846153846,42.11111111,13.61111111,42
353,0.882352941,0.928571429,0.4375,0.5,0.722222222,0.666666667,8.2,9.384615385,7.142857143,35.88888889,7.076923077,23.5
391,1,1,0.722222222,0.388888889,0.944444444,0.388888889,11.73333333,11.23529412,17.30769231,46.14285714,13.52941176,42
488,0.823529412,1,0.555555556,0.555555556,,,8.5,10.94117647,5.2,37.1,,
