Genotype,"Mean(# Seeds (good), Italy, 2010)","Mean(# Seeds (good), Italy, 2011)","Mean(# Seeds (good), Sweden, 2010)","Mean(# Seeds (good), Sweden, 2011)","N(# Seeds (good), Italy, 2010)","N(# Seeds (good), Italy, 2011)","N(# Seeds (good), Sweden, 2010)","N(# Seeds (good), Sweden, 2011)","Mean(MSeedMass(ug), Italy, 2010)","Mean(MSeedMass(ug), Italy, 2011)","Mean(MSeedMass(ug), Sweden, 2010)","Mean(MSeedMass(ug), Sweden, 2011)","N(MSeedMass(ug), Italy, 2010)","N(MSeedMass(ug), Italy, 2011)","N(MSeedMass(ug), Sweden, 2010)","N(MSeedMass(ug), Sweden, 2011)","Mean(TotMass(ug), Italy, 2010)","Mean(TotMass(ug), Italy, 2011)","Mean(TotMass(ug), Sweden, 2010)","Mean(TotMass(ug), Sweden, 2011)","N(TotMass(ug), Italy, 2010)","N(TotMass(ug), Italy, 2011)","N(TotMass(ug), Sweden, 2010)","N(TotMass(ug), Sweden, 2011)"
3,31.4285714286,23.125,35,32.75,7,8,4,4,22.1045710188,19.010370326,26.0220588235,22.1814123377,7,7,4,4,688.5714285714,465.7142857143,907.5,742.5,7,7,4,4
6,33.4285714286,36.25,23.375,33,7,4,8,2,20.6745141328,18.8283529044,26.5199283657,26.9166666667,7,4,8,2,671.4285714286,682.5,618.75,895,7,4,8,2
7,32.5,38.3333333333,30,12.6666666667,8,6,5,3,23.2330895466,20.2156327475,23.728603872,30.073005698,8,6,5,3,775,771.6666666667,712,366.6666666667,8,6,5,3
8,30.625,35.8333333333,29.1,32.5,8,6,10,2,26.8545944187,19.2913044808,27.0878865808,24.7142857143,8,6,10,2,842.5,716.6666666667,795,805,8,6,10,2
11,30.5,35.5,24,23.25,4,6,7,4,25.2456884075,18.6129908104,26.5247381404,23.4590377653,4,6,7,4,757.5,665,601.4285714286,547.5,4,6,7,4
13,22.5,39,40,31.8,4,1,4,5,22.2174526862,20.5128205128,23.3944256757,27.1210485785,4,1,4,4,497.5,800,935,775,4,1,4,4
14,30.2857142857,26.8,26.8,,7,5,5,0,24.3069341174,21.0458441558,25.4028471528,,7,5,5,0,730,512,688,,7,5,5,0
16,28,28,29.5,36,6,3,4,2,21.9184236419,14.2596782303,19.7259929613,20.6944444444,6,3,4,2,618.3333333333,410,572.5,745,6,3,4,2
18,22.8,32.6666666667,38.5,31.2857142857,5,6,4,7,22.6405136083,17.4253505116,20.9951298701,23.8794279943,5,6,4,7,520,570,800,735.7142857143,5,6,4,7
23,26.8,27,35.6,26.6666666667,5,4,5,3,20.2384782609,18.7160061187,24.1660995675,27.087654321,5,4,5,3,528,502.5,850,720,5,4,5,3
24,19.6666666667,26.3333333333,26.8,27.25,6,6,5,4,26.2808649151,20.9892772472,27.4735483871,26.43330018,6,6,5,4,500,548.3333333333,738,712.5,6,6,5,4
25,22.25,25.1428571429,33.75,28.5,8,7,8,4,22.9570342852,17.808588186,25.7097575655,27.9457707044,8,7,8,3,501.25,461.4285714286,866.25,923.3333333333,8,7,8,3
26,36.625,29.3333333333,29,20,8,6,4,2,22.0597423063,16.3991924255,22.0854558516,22.2474747475,8,6,4,2,808.75,446.6666666667,642.5,445,8,6,4,2
28,36,24.75,30,26.6666666667,6,8,6,3,23.5915236727,18.5207074265,24.2492352601,23.2458064811,6,8,6,3,841.6666666667,491.25,726.6666666667,616.6666666667,6,8,6,3
29,,27.4,34,25,0,5,7,4,,17.5653235653,20.6543650953,25.294060559,0,5,7,4,,494,702.8571428571,635,0,5,7,4
30,25.875,33.25,40,26.6666666667,8,4,3,3,20.9580703095,18.7323903168,22.9918339392,24.358974359,7,4,3,3,614.2857142857,602.5,916.6666666667,653.3333333333,7,4,3,3
31,23.75,25.3333333333,37.5,26,4,3,4,2,18.7912698413,18.9254385965,23.1957583747,22.6923076923,4,2,4,2,442.5,700,887.5,590,4,2,4,2
32,20,29.5714285714,23.25,22.6666666667,5,7,4,3,27.0960705961,27.8909907263,27.6854727398,29.0168521663,5,7,4,3,524,710,615,623.3333333333,5,7,4,3
34,37,25.5,33.5714285714,28.6666666667,6,6,7,6,21.203683456,17.7292856097,21.4498183697,25.0999768115,6,6,7,6,785,463.3333333333,710,711.6666666667,6,6,7,6
35,28.4285714286,31.2857142857,39,31.875,7,7,6,8,21.9288251431,19.969541671,24.3879530033,26.4712143328,7,7,6,8,620,624.2857142857,940,846.25,7,7,6,8
36,25.8333333333,28.7777777778,29,29.4,6,9,4,5,20.8860300393,20.9652226066,24.7344877345,29.5707070707,6,8,4,5,540,671.25,705,848,6,8,4,5
39,30.25,22.25,36,30,4,4,2,5,19.4841601635,17.4834656085,24.2664092664,26.2914575866,4,4,2,5,577.5,415,875,778,4,4,2,5
40,30,26.4285714286,32.1666666667,30.2,5,7,6,5,22.9881177393,14.1120200251,22.9652660394,23.5450917015,5,7,6,5,682,372.8571428571,740,712,5,7,6,5
41,29.4,18,36,32,5,4,6,6,24.0989078434,23.9393939394,23.8064898617,24.0801068114,5,3,6,6,718,376.6666666667,860,783.3333333333,5,3,6,6
42,28,27.5,32,20.75,6,6,6,4,16.7728288633,14.2258006999,23.1280568324,23.7648809524,6,6,6,4,455,408.3333333333,735,492.5,6,6,6,4
44,30.75,35,35.2,29.3333333333,4,4,5,3,21.2297338173,17.861611184,21.5148900347,22.9899804497,4,4,5,3,650,672.5,764,690,4,4,5,3
46,34.2,24.2857142857,37.3333333333,26.6666666667,5,7,3,6,22.4864354562,19.0162738496,22.5354239257,27.1987802793,5,6,3,6,774,531.6666666667,840,740,5,6,3,6
47,36.125,27.25,30.8333333333,34,8,4,6,2,18.9733075185,14.3461538462,24.2797150539,23.4881422925,8,4,6,2,693.75,440,738.3333333333,775,8,4,6,2
48,24.6666666667,23.2,36.4,26,6,5,5,1,20.7364437806,23.2134615385,24.4114509246,22.3076923077,6,5,5,1,511.6666666667,568,890,580,6,5,5,1
50,30.75,28.8,33.75,28,4,5,4,1,23.6299768138,16.0680077286,23.4135536398,21.7857142857,3,5,4,1,960,474,790,610,3,5,4,1
51,22,28.1428571429,36.5555555556,22,4,7,9,2,21.6547619048,17.2580145418,26.5036352817,25.4545454545,4,7,9,2,490,520,961.1111111111,560,4,7,9,2
52,27,45.5,31.8571428571,17,7,2,7,2,20.1840804872,23.2374274662,23.7287757789,22.0588235294,7,2,7,2,530,1055,752.8571428571,375,7,2,7,2
53,28.6,34.75,36,30.25,5,8,2,4,21.0513558905,18.64662274,25.9806949807,27.5407524121,5,8,2,4,594,680,935,830,5,8,2,4
58,25.75,31.1428571429,25.4,32.8333333333,4,7,5,6,20.501237067,20.9180928092,27.0405878951,28.8314288097,4,6,5,6,597.5,715,684,946.6666666667,4,6,5,6
59,21.5,25.5,40,28.625,4,2,4,8,20.7221019721,21.5,26.9603369603,24.5152449666,4,2,4,8,422.5,540,1077.5,678.75,4,2,4,8
60,30.1666666667,25.3333333333,34,25,6,6,4,3,23.7074919747,19.647008547,23.7567963858,25.5679012346,6,5,4,3,726.6666666667,610,807.5,616.6666666667,6,5,4,3
61,23.6666666667,25.6363636364,35.8,19.3333333333,6,11,5,3,21.9369524094,22.0611566812,23.2039388108,21.3709329886,6,10,5,3,501.6666666667,605,828,413.3333333333,6,10,5,3
64,19.5,15,34,26.3333333333,2,2,6,3,16.8333333333,21.9457013575,23.8076132081,21.3443963444,2,2,6,3,365,330,800,600,2,2,6,3
65,29.75,34.2,36.7142857143,,4,5,7,0,22.0572916667,15.6203015375,21.030190007,,4,5,7,0,647.5,554,770,,4,5,7,0
67,21,29.25,31.8571428571,27.5,9,8,7,2,22.7393715501,22.1267289616,22.6851687865,25.9666666667,9,8,7,2,454.4444444444,665,715.7142857143,710,9,8,7,2
68,27.6666666667,31.3333333333,36.8333333333,33.6666666667,6,9,6,6,25.4088862453,23.3493867244,26.6904305919,28.5469798057,6,9,6,6,688.3333333333,727.7777777778,985,943.3333333333,6,9,6,6
69,28.5,23.7142857143,35.3333333333,36,6,7,3,6,23.1588271076,17.3755392004,24.0408812174,25.2946941394,6,7,3,6,656.6666666667,410,850,891.6666666667,6,7,3,6
70,28.25,31,32.8571428571,27,4,7,7,2,24.3863636364,21.0642554534,25.0901983763,26.8068965517,4,7,7,2,687.5,665.7142857143,824.2857142857,715,4,7,7,2
72,31.25,21.5,34.6666666667,34.4,8,6,3,5,24.5998555058,18.4980885342,26.3792404036,31.0164188752,8,4,3,5,771.25,560,916.6666666667,1062,8,4,3,5
74,33,20.2,33.6666666667,18.5,4,5,6,4,19.7612090808,19.962905452,25.2810890311,23.5669468811,4,4,6,4,650,380,840,420,4,4,6,4
75,22.3333333333,28.125,27.8333333333,,6,8,6,0,23.0886378706,20.7964062964,24.1778591779,,6,8,6,0,523.3333333333,622.5,660,,6,8,6,0
78,30.5714285714,27.8571428571,31.375,28.4,7,7,8,5,20.2241977599,19.1378152271,22.2135709568,21.8928960824,7,7,8,5,621.4285714286,517.1428571429,695,612,7,7,8,5
84,37.5,32.75,40,23,4,4,7,4,24.0835637481,22.7928444105,24.7367683037,26.5797305764,4,4,7,4,912.5,727.5,1000,607.5,4,4,7,4
85,28.5,35.4,41.25,33.6,6,5,4,5,21.2975931065,19.1903799904,21.6051184782,24.224185875,6,5,4,5,608.3333333333,698,897.5,818,6,5,4,5
87,27,31.5,36.25,30,5,6,4,5,23.1923469419,21.9795848316,26.0944626515,33.7655677656,5,6,4,5,622,701.6666666667,955,976,5,6,4,5
88,35.375,35.75,30.2222222222,29.1666666667,8,8,9,6,23.3222545557,20.9136887301,28.4159210783,24.0632614993,8,8,9,6,837.5,772.5,852.2222222222,708.3333333333,8,8,9,6
89,30.625,37.1428571429,43.5,29.2857142857,8,7,8,7,21.7767575846,21.0044482208,27.1650323885,28.2596423034,8,7,8,7,668.75,810,1185,815.7142857143,8,7,8,7
90,30.8,29.5714285714,43.6666666667,29,5,7,3,4,20.7048739496,18.8283462443,26.7248586494,30.4365807987,5,7,3,4,642,574.2857142857,1193.3333333333,887.5,5,7,3,4
91,33.4285714286,27.6666666667,39.625,18,7,6,8,2,20.6312931807,18.5037220628,23.7310365542,27.2916666667,7,6,8,2,697.1428571429,536.6666666667,941.25,460,7,6,8,2
92,23.2,30.8,35.125,33.6666666667,5,5,8,6,18.8907802724,17.7622602243,22.7109797535,24.5061403272,5,5,8,6,462,560,785,793.3333333333,5,5,8,6
99,28,27.3333333333,37.6666666667,32.3333333333,4,6,3,3,22.2816143895,21.0058159022,26.6756914583,27.0947802198,4,6,3,3,632.5,595,993.3333333333,926.6666666667,4,6,3,3
100,27.2857142857,24.875,32.8333333333,33.3333333333,7,8,6,3,23.1886080769,20.22714843,24.8319363453,25.9597069597,7,7,6,3,618.5714285714,571.4285714286,815,870,7,7,6,3
103,28,24.1666666667,39,32.25,4,6,5,4,21.7073252688,16.3105669266,25.3879647911,25.8183803763,4,6,5,4,595,426.6666666667,982,830,4,6,5,4
104,31.4,26.8571428571,45,33.2,5,7,4,5,20.6070702402,16.078201976,25.9364505057,28.1918796992,5,7,4,5,636,444.2857142857,1170,938,5,7,4,5
105,29,28,48.4,41.75,8,4,5,8,26.1937128763,26.6116557734,27.4963997907,28.4387790216,8,4,5,8,772.5,757.5,1332,1188.75,8,4,5,8
106,32,26.5,37,30.6666666667,5,4,7,6,22.7501937153,16.6430835921,23.8742541243,26.7180660596,5,4,7,5,716,445,881.4285714286,982,5,4,7,5
108,19.6,23.6666666667,25,30.8333333333,5,3,1,6,22.0808080808,16.0138888889,20.4,21.5334725313,5,3,1,6,428,386.6666666667,510,663.3333333333,5,3,1,6
109,32.4,26.5,31.6666666667,26,5,8,6,3,22.2879990324,26.2060981134,27.7949699617,28.3025911287,5,8,6,3,720,715,875,723.3333333333,5,8,6,3
110,31.1666666667,28.5,32,26.2857142857,6,6,4,7,24.8730443533,17.9448930135,22.941217766,23.231587503,6,6,4,7,746.6666666667,546.6666666667,730,610,6,6,4,7
111,24.375,29.2857142857,32.25,25.25,8,7,4,4,27.290377703,17.9349216873,24.4801032301,27.6206570347,8,6,4,4,593.75,610,787.5,705,8,6,4,4
114,32.5,41.5,39.6666666667,28.7777777778,6,2,3,9,23.4687087342,19.2761627907,26.3145645646,27.9676315821,6,2,3,9,766.6666666667,800,1043.3333333333,803.3333333333,6,2,3,9
115,29.4,26.8333333333,36.6,29.2,5,6,5,5,22.5193261213,18.5947652348,26.7113859172,23.7034493284,5,5,5,5,654,518,972,682,5,5,5,5
116,28.3333333333,30.5714285714,30.6666666667,29,6,7,3,3,23.3172508818,24.9724080205,27.5990675991,26.0846560847,6,7,3,3,668.3333333333,740,853.3333333333,773.3333333333,6,7,3,3
120,34.5714285714,29.4,34.7142857143,35,7,5,7,6,28.0466949728,19.518128655,25.9402873452,26.624698667,7,5,7,6,972.8571428571,646,901.4285714286,923.3333333333,7,5,7,6
123,7,29.5,39.8888888889,32.5,1,4,9,4,15.7142857143,22.354197901,26.9614641221,26.2718142341,1,4,9,4,110,665,1076.6666666667,860,1,4,9,4
124,21.6,26.7142857143,33,25.5,5,7,1,4,19.7377403063,18.7640625096,32.1212121212,30.774122807,5,6,1,4,428,606.6666666667,1060,782.5,5,6,1,4
126,28.5,32.375,27.75,31,4,8,4,4,20.3101335328,20.4556166841,20.8293621701,23.9765807324,4,8,4,4,570,661.25,580,742.5,4,8,4,4
127,28.75,29.2,32.25,29.5,4,5,4,6,21.648478836,19.1498989516,22.3815052337,26.6804913474,4,5,4,6,622.5,552,722.5,776.6666666667,4,5,4,6
128,29.75,30,36.2,27.2,4,6,5,5,20.837535014,18.4904569252,26.8206353049,24.251962677,4,6,5,4,617.5,560,970,630,4,6,5,4
129,24.125,26.2857142857,36.1666666667,25.6,8,7,6,5,25.3343360492,20.6461408961,25.6278075538,27.0950915751,8,6,6,5,613.75,635,925,714,8,6,6,5
130,27.8333333333,31.3636363636,36.75,30,6,11,4,4,21.1127619754,17.2825850399,24.0159774436,27.5417811355,6,11,4,4,591.6666666667,550.9090909091,882.5,822.5,6,11,4,4
132,24.75,17.6666666667,30.1666666667,28,8,6,6,4,21.7430229831,16.6742964147,23.1234156731,25.1411043666,8,5,6,4,545,356,698.3333333333,707.5,8,5,6,4
134,24.3333333333,17.5714285714,17.6666666667,14,6,7,3,4,42.94749455,28.5919191919,38.287037037,39.9615384615,6,5,3,4,965,652,680,562.5,6,5,3,4
136,26,26.2,36,35.5,7,5,4,6,18.6412770868,22.6280807305,25.2083333333,25.1899759904,7,5,4,6,481.4285714286,560,907.5,905,7,5,4,6
137,34.5,33,38.75,40.25,4,8,4,4,21.5417096663,20.57318802,24.2471988796,27.0761093486,4,8,4,4,795,701.25,927.5,1070,4,8,4,4
138,31,41.4,30.1428571429,23,4,5,7,5,27.5589225589,22.186194091,23.6293909426,25.1167557932,3,5,7,5,686.6666666667,922,704.2857142857,558,3,5,7,5
139,28,19,37,38,6,2,4,1,19.3663210445,18.5,23.0991404429,18.6842105263,6,2,4,1,543.3333333333,280,860,710,6,2,4,1
140,31.4285714286,26.4444444444,30.2,23.6666666667,7,9,5,3,25.1414369774,23.825145455,25.8024779818,26.1029258098,7,9,5,3,800,638.8888888889,788,613.3333333333,7,9,5,3
141,19.8,24,36.1666666667,31.6666666667,5,5,6,3,26.3293188293,23.9479331126,22.8926330053,23.7490031898,5,5,5,3,466,556,816,783.3333333333,5,5,5,3
143,28.8571428571,33,30.4,30.8,7,3,5,5,23.6977254533,24.0202020202,21.7137433614,23.7384363338,7,3,5,5,692.8571428571,820,708,730,7,3,5,5
144,31.6,28.75,33.1666666667,35.25,5,4,6,4,23.202355195,20.5667723749,26.1780796898,29.1888776428,5,4,6,4,728,610,856.6666666667,1025,5,4,6,4
145,19.25,17.6,36.2857142857,31,4,5,7,3,21.6666666667,11.633186473,30.9295256166,30.0639398915,4,4,7,3,425,250,1128.5714285714,926.6666666667,4,4,7,3
146,33.7142857143,39.25,33,28.5,7,4,2,2,21.668933619,20.4640035607,25.3308823529,28.0925925926,7,4,2,2,722.8571428571,790,835,805,7,4,2,2
147,,,,,0,0,0,0,,,,,0,0,0,0,,,,,0,0,0,0
148,27.3333333333,20.8571428571,36,35,3,7,5,4,25.1314217443,23.4875285953,26.3210573211,27.1838580827,3,7,5,4,683.3333333333,465.7142857143,934,940,3,7,5,4
149,40.6,37.6666666667,33.4,24,5,9,5,3,23.8526636172,21.6350956434,27.5027417027,27.137973138,5,9,5,3,988,844.4444444444,918,643.3333333333,5,9,5,3
150,27.2,28.5714285714,33.5,26.2,5,7,6,5,20.8890646984,20.0162110138,27.4082870234,26.3592546584,5,7,6,5,596,580,908.3333333333,696,5,7,6,5
152,30.375,25.875,38.5,47,8,8,6,2,25.9208250648,19.4463629236,27.065760791,24.6808510638,8,7,6,2,795,561.4285714286,1038.3333333333,1160,8,7,6,2
154,13,23.2222222222,34.3333333333,32.1666666667,4,9,6,6,17.9329004329,19.6371848163,27.7306482902,31.1555066797,4,7,6,6,232.5,520,958.3333333333,1005,4,7,6,6
155,24,18.1111111111,44.1428571429,35.8571428571,6,9,7,7,21.4870614035,21.281929768,23.6868106983,24.9744069311,6,7,7,7,505,445.7142857143,1035.7142857143,890,6,7,7,7
157,26.8333333333,29.1666666667,37.8333333333,30,6,6,6,5,21.3404159549,17.7380213141,24.3366682346,25.303030303,6,6,6,5,565,523.3333333333,906.6666666667,772,6,6,6,5
158,30.8571428571,27,31,28.4,7,9,4,5,22.0928626037,21.2617791467,21.3736263736,26.6291666667,7,9,4,5,681.4285714286,575.5555555556,765,790,7,9,4,5
159,27.3333333333,32.6666666667,42.1666666667,35,6,6,6,1,24.2717117848,22.4143654966,23.9865433455,30,6,6,6,1,668.3333333333,743.3333333333,1015,1050,6,6,6,1
160,30.2,27.8,38,22.8571428571,5,5,8,7,30.5962308295,22.7843960476,26.9094579657,28.288420835,5,5,8,7,910,640,1025,637.1428571429,5,5,8,7
163,31.5714285714,32.2,35,35,7,10,6,5,20.9001003732,15.979393546,24.0584282987,26.2319235589,7,9,6,5,672.8571428571,536.6666666667,826.6666666667,938,7,9,6,5
165,29.125,33.8571428571,38,32.5714285714,8,7,3,7,28.0327695966,21.6360826789,25.3718503719,28.7424408839,8,7,3,7,833.75,775.7142857143,963.3333333333,910,8,7,3,7
167,23.6666666667,28.6666666667,39,20,3,3,3,1,17.5187969925,18.1352657005,23.7825083413,19,3,3,3,1,426.6666666667,510,933.3333333333,380,3,3,3,1
169,31.8333333333,22.3333333333,36.5,38.5,6,3,4,4,23.3981902742,16.2212212212,22.2554347826,23.7802148972,6,3,4,4,716.6666666667,380,802.5,902.5,6,3,4,4
170,35.3333333333,32.1428571429,41,39.4285714286,6,7,4,7,21.6274855112,18.7680428826,21.4317833068,24.7125934187,6,7,4,7,771.6666666667,592.8571428571,885,968.5714285714,6,7,4,7
171,27.25,24.7142857143,30.4,33.4,4,7,5,5,21.6138344227,18.2870275888,23.2889581297,22.2253952616,4,7,5,5,577.5,445.7142857143,698,754,4,7,5,5
173,25.25,29.6,35.75,28,4,5,4,5,25.9079111945,21.422462406,26.312245776,28.8736568837,4,5,4,5,542.5,628,925,814,4,5,4,5
174,26.4,37,41,36,5,4,4,6,24.4901602229,16.9268231768,22.6388323658,24.821885785,4,4,4,6,683.75,642.5,920,883.3333333333,4,4,4,6
175,17,34,28.2857142857,22.5,4,8,7,2,23.7424242424,18.7687500324,24.3303611891,23.6314655172,2,8,7,2,605,633.75,685.7142857143,535,2,8,7,2
176,,25.25,40,30.5,0,4,9,2,,20.1430170377,26.1536684086,30.2083333333,0,3,9,2,,690,1030,870,0,3,9,2
179,23.2,32.2,30.8888888889,26.75,5,5,9,4,28.0410774411,23.3027317397,26.8109856107,28.6821004199,5,5,9,4,648,754,826.6666666667,782.5,5,5,9,4
181,23.6,31.5,30.6666666667,39,5,4,6,1,15.8502162897,16.5205853175,24.6346115625,22.0512820513,5,4,6,1,384,520,756.6666666667,860,5,4,6,1
182,20.2,24.3,37,30.875,5,10,4,8,26.9150623886,19.2935290844,24.9865432897,27.4778322987,5,10,4,8,506,469,930,848.75,5,10,4,8
184,,21.5,,34.3333333333,0,4,0,6,,28.1355311355,,29.769243075,0,4,0,5,,585,,1220,0,4,0,5
186,,19.3333333333,,34.7,0,6,0,10,,17.871703789,,27.45618873,0,6,0,10,,330,,951,0,6,0,10
187,24.5714285714,28,31,28.6,7,3,6,5,18.5605803389,13.2551020408,24.8005540654,24.1219851117,7,2,6,5,448.5714285714,545,760,680,7,2,6,5
188,19.5,21.8333333333,37.75,40.5,6,6,8,2,21.4603030303,14.689575847,22.5619829732,23.7222222222,5,5,8,2,382,388,846.25,945,5,5,8,2
189,27.4,26.6666666667,36.6,28,10,3,5,5,24.8258064699,18.0222222222,23.7433330154,25.7329749323,10,3,5,5,683,476.6666666667,880,710,10,3,5,5
190,31.3333333333,29.6666666667,29.4,27.8333333333,6,6,5,6,26.0374528655,23.0448791901,29.2780197519,26.2419628865,6,6,5,6,803.3333333333,688.3333333333,834,743.3333333333,6,6,5,6
191,31.6666666667,30.25,37.2857142857,31.3333333333,9,4,7,3,25.3515305357,19.2026143791,26.0051811422,28.7593052109,9,4,7,3,807.7777777778,585,971.4285714286,906.6666666667,9,4,7,3
192,30.75,29.5,41.8,39,8,6,5,3,19.8479519441,16.3063065695,23.2981752056,21.775971093,8,6,5,3,592.5,490,974,850,8,6,5,3
194,30.5714285714,26.4,39.1666666667,32.2857142857,7,5,6,7,22.0584950324,24.155862069,25.8785438645,32.0707323858,7,5,6,7,681.4285714286,634,1011.6666666667,941.4285714286,7,5,6,7
195,34.1,33.1428571429,39.6,32.8,10,7,5,5,25.8998144343,23.2508998026,25.3081245338,26.9697722567,10,7,5,5,880,771.4285714286,1006,892,10,7,5,5
196,27.375,26.2,39.125,36,8,5,8,6,24.1213707422,16.8579492403,26.3888199171,29.2605931648,8,5,8,6,647.5,420,1008.75,1051.6666666667,8,5,8,6
197,31.5,27.875,28.5714285714,24.5,4,8,7,2,24.511257764,18.4473737771,26.4013784986,23.2996632997,4,8,7,2,772.5,557.5,751.4285714286,570,4,8,7,2
198,23.5,20.3333333333,34.8333333333,27,4,3,6,6,18.7619617225,21.5042735043,25.7749354005,28.9784289784,4,3,6,6,432.5,443.3333333333,883.3333333333,783.3333333333,4,3,6,6
199,31,29.875,41,28,4,8,5,7,21.3276763887,18.4444023817,21.2356593784,26.012488898,4,8,5,7,662.5,550,872,705.7142857143,4,8,5,7
200,23.8,26,38,30.1666666667,5,2,4,6,20.9158249158,24.4242424242,22.8067521171,24.7857430564,5,2,4,6,512,620,872.5,750,5,2,4,6
202,25.2,31.5,36.3333333333,28.1666666667,5,2,6,6,21.7578687622,19.9074074074,25.50998831,27.0506052542,5,2,6,6,560,620,918.3333333333,780,5,2,6,6
203,19.5,27.5714285714,27.75,28.6666666667,6,7,4,3,21.7085297419,21.3203537132,25.9308970599,28.3140096618,6,7,3,3,416.6666666667,621.4285714286,603.3333333333,826.6666666667,6,7,3,3
205,28.8571428571,29.4,40.8571428571,35,7,5,7,6,16.9801040216,13.024327116,24.5411415356,23.9101300032,7,5,7,6,488.5714285714,398,1008.5714285714,843.3333333333,7,5,7,6
206,24.25,22.5,36.8333333333,32.75,4,8,6,4,14.9513888889,20.8409088773,24.5753308207,27.6810818492,4,8,6,4,367.5,476.25,910,912.5,4,8,6,4
207,26.25,23.2,41.8571428571,15,4,5,7,2,18.2228535354,18.2056878307,22.9428320994,24.1628959276,4,5,7,2,485,420,961.4285714286,360,4,5,7,2
208,37.6,31.5,34.8333333333,36.2,5,6,6,5,17.832570604,18.7563364055,23.3692624777,25.899489447,5,6,6,5,706,591.6666666667,816.6666666667,942,5,6,6,5
209,36.5,23.8333333333,28.25,31.7142857143,8,6,4,7,22.5863095238,21.2267892664,26.2190320573,27.1937476518,8,6,4,7,823.75,528.3333333333,742.5,870,8,6,4,7
210,31.8333333333,26,39,32.1666666667,6,4,4,6,21.4977438021,15.0454545455,20.719875931,24.9969296288,6,4,4,6,678.3333333333,377.5,810,793.3333333333,6,4,4,6
212,25.75,26.5714285714,36.6,28,4,7,5,5,20.7046166897,18.5964234179,25.0893998514,25.0294657097,4,7,5,5,540,482.8571428571,928,706,4,7,5,5
213,,,,,0,0,0,0,,,,,0,0,0,0,,,,,0,0,0,0
214,27.4285714286,21.25,39.5,24,7,4,4,1,25.4842105154,15.8928571429,25.6871765382,30.8333333333,7,4,4,1,648.5714285714,357.5,1010,740,7,4,4,1
216,25.2,26.7142857143,32,25.25,5,7,8,4,26.0569105691,19.6186575329,26.7980688484,29.4672919673,5,7,8,4,678,567.1428571429,866.25,740,5,7,8,4
218,26.6,22.5714285714,41.25,36.3333333333,5,7,4,6,23.271155631,24.6848096012,25.8851449275,29.322997416,5,7,4,6,618,537.1428571429,1060,1053.3333333333,5,7,4,6
219,26.75,14,31.75,26.1428571429,4,2,4,7,23.2475574713,18.8888888889,29.6874236874,26.8785951288,4,1,4,7,610,510,930,727.1428571429,4,1,4,7
220,26.4285714286,27.875,34.5,30,7,8,4,1,24.4883394728,21.0782685729,26.8202614379,23,7,7,4,1,648.5714285714,671.4285714286,920,690,7,7,4,1
222,33,29.8571428571,43.2,33,4,7,5,4,25.7750256016,25.3896350724,27.4294355071,27.1113826579,4,7,5,4,852.5,737.1428571429,1186,895,4,7,5,4
223,29.75,29.2,36.4,24.7142857143,4,5,5,7,22.2386345231,19.2209239677,26.532125769,28.8436582362,4,5,5,7,660,586,962,704.2857142857,4,5,5,7
224,34.8,26,41.2,33,5,6,5,5,21.9086691087,17.5305284993,23.738195957,26.6757681244,5,6,5,5,762,450,978,872,5,6,5,5
225,21.5,26.875,38.5,35.1666666667,4,8,4,6,22.9075091575,22.7738975598,24.0359436699,28.3599343491,4,8,4,6,492.5,600,930,973.3333333333,4,8,4,6
226,27.3333333333,27.3333333333,35.1428571429,33.875,6,6,7,8,23.539973,24.1189438064,26.834637633,27.7901947593,6,6,7,8,633.3333333333,673.3333333333,941.4285714286,938.75,6,6,7,8
227,27.25,28.4,38.25,29.6,4,5,4,5,24.8074229692,22.354512888,31.498871634,31.9949277008,4,5,4,5,707.5,674,1195,950,4,5,4,5
228,30.75,26.4285714286,43.5714285714,36.4,4,7,7,5,25.4996360496,19.6871087091,22.8716576115,21.980400982,4,7,7,5,745,535.7142857143,978.5714285714,840,4,7,7,5
230,24.2,22.5714285714,37.75,36,5,7,4,1,25.095507923,19.9336020803,21.5055361305,23.0555555556,5,6,4,1,610,523.3333333333,810,830,5,6,4,1
232,24.5714285714,22.6,36.3333333333,23,7,5,6,6,22.0788377744,21.1135512673,26.2404272051,30.3141212488,6,4,6,6,545,595,951.6666666667,653.3333333333,6,4,6,6
234,23.6,27.5,33.8333333333,28.6,5,8,6,5,20.2952380952,20.291678438,28.2330253078,28.1486291486,5,7,6,5,460,612.8571428571,946.6666666667,804,5,7,6,5
236,27.3333333333,24.4,39.7142857143,26,6,5,7,3,20.3999476111,13.9075611888,22.9039711675,26.9452409399,6,4,7,3,533.3333333333,437.5,907.1428571429,683.3333333333,6,4,7,3
237,28.6,25.6,36.8,26.8888888889,5,5,5,9,17.5882408725,20.0849224305,24.3077816492,26.4482234248,4,4,5,9,480,510,892,702.2222222222,4,4,5,9
239,29.8,32.8571428571,36.8333333333,32.8571428571,5,7,6,7,20.9922107641,24.959900107,25.076143848,25.5374321857,5,7,6,7,644,841.4285714286,915,842.8571428571,5,7,6,7
240,28.75,28.6,39.75,35.6666666667,4,10,8,6,21.8387923351,20.5551490847,25.4885860479,25.2203629704,4,10,8,6,630,625,997.5,905,4,10,8,6
241,30.25,31.875,24.6666666667,31.75,4,8,3,4,22.1736857826,17.6054315476,21.799899447,25.7362745098,4,8,3,4,662.5,558.75,533.3333333333,797.5,4,8,3,4
242,19.5,20.4,32.5,33.4285714286,4,5,4,7,21.9005847953,20.7324175824,24.4689276241,29.2422791134,4,5,4,7,430,438,812.5,977.1428571429,4,5,4,7
243,20.6666666667,20.5,28,36.5,3,6,4,8,29.696037296,18.5850946439,23.900057547,28.9425540515,3,6,4,8,623.3333333333,365,677.5,1055,3,6,4,8
245,28.3333333333,20.3333333333,41.25,34.5,6,3,4,6,28.0296296296,13.5719814241,25.3374355244,29.820853083,6,3,4,6,821.6666666667,270,1047.5,1010,6,3,4,6
246,26.4285714286,32,39.625,36,7,4,8,4,22.7819758952,19.2981427485,24.5848652313,27.9391025641,7,4,7,4,597.1428571429,615,972.8571428571,1007.5,7,4,7,4
247,22,23.6666666667,38.8,36.625,4,3,5,8,20.8100744285,13.7483660131,21.8616198616,26.5017920676,3,3,5,8,580,296.6666666667,864,970,3,3,5,8
249,28.5,18.75,40.125,37.8571428571,4,4,8,7,19.7690097259,20.580495356,23.5069271914,23.4945042762,4,3,8,7,567.5,380,933.75,880,4,3,8,7
251,23.75,20.4,40.3333333333,30.6,4,5,6,5,28.6785296868,23.3565089194,24.3998149755,26.8088431807,4,5,6,5,662.5,450,981.6666666667,828,4,5,6,5
253,31,25.2857142857,42.6666666667,30.8333333333,4,7,6,6,19.8533595216,16.14973907,21.5061329606,22.3599585759,4,7,6,6,657.5,410,916.6666666667,718.3333333333,4,7,6,6
254,30.1666666667,21.3333333333,39.8,31,6,6,5,6,24.6702173275,15.9431818182,26.7656177922,30.1263277689,6,6,5,6,741.6666666667,320,1056,941.6666666667,6,6,5,6
256,42.4285714286,27.7,29,43.6666666667,7,10,7,3,24.3400315026,22.9231908643,24.8188798066,25.5946410893,7,10,7,3,1030,594,720,1116.6666666667,7,10,7,3
259,29,25.8888888889,39.8,21.6666666667,4,9,5,3,26.7060867027,25.5522174803,26.2872388726,25.6537356322,4,9,5,3,792.5,612.2222222222,1046,560,4,9,5,3
260,31.3333333333,23.4,37.125,33.1111111111,6,5,8,9,22.7444706853,25.3367003367,27.6431363855,27.3719220419,6,3,8,9,708.3333333333,766.6666666667,1026.25,904.4444444444,6,3,8,9
262,20,15.75,31.2,29.1666666667,4,4,5,6,19.5492776058,24.4709383754,24.7029531192,26.596510547,4,4,5,6,395,387.5,768,781.6666666667,4,4,5,6
263,22.4,25,36.1428571429,29,5,8,7,5,23.9904761905,21.981572116,28.5822265843,30.4799505734,5,7,7,5,542,622.8571428571,1031.4285714286,882,5,7,7,5
264,24.75,17.75,32,24,4,8,5,4,24.8315412186,17.3629540749,25.3635963093,28.1964285714,4,6,5,4,537.5,360,802,652.5,4,6,5,4
266,30,25.25,36.3333333333,33,4,4,3,8,21.0974259974,17.1957671958,27.7166080107,26.235196075,4,3,3,8,637.5,450,1003.3333333333,865,4,3,3,8
267,24.5,27.2,39.75,29.6666666667,4,5,4,6,22.1050108932,19.002955665,27.4397834016,29.4274891775,3,5,4,6,740,528,1092.5,881.6666666667,3,5,4,6
268,27.4,24.7777777778,30.6,26,5,9,5,3,20.8301762632,14.9988592271,20.3697404782,22.6676441838,5,9,5,3,554,374.4444444444,638,593.3333333333,5,9,5,3
270,23.75,27.1111111111,39,30.25,4,9,5,8,23.5939849624,22.4625010034,27.463474787,24.6092645312,4,9,5,8,565,606.6666666667,1068,723.75,4,9,5,8
272,36.6666666667,28.8888888889,29,30.25,6,9,4,4,24.8481839673,22.3213294749,24.0817307692,26.1029411765,6,7,4,4,925,767.1428571429,705,787.5,6,7,4,4
273,23.4,20.6666666667,45.75,31.6,5,6,4,5,22.2582123759,14.2474120083,27.6830775789,29.5134053872,5,5,4,5,518,334,1257.5,918,5,5,4,5
275,27,27.1428571429,38.4285714286,28.3333333333,5,7,7,6,23.0172619048,16.7308321398,24.9243084485,25.3116938326,5,7,7,6,624,450,955.7142857143,725,5,7,7,6
279,25.6666666667,32,27.7142857143,30.3333333333,6,7,7,3,25.1725484871,22.1545452335,25.3874221911,29.2629462041,6,6,7,3,633.3333333333,765,691.4285714286,866.6666666667,6,6,7,3
281,26.6,19,42.75,34.6666666667,5,1,4,3,24.4646945647,5.7894736842,24.7626262626,27.4113300493,5,1,4,3,648,110,1060,956.6666666667,5,1,4,3
282,23,17.25,34.6666666667,26.5,4,4,6,6,24.4404761905,21.5865384615,27.112104479,29.0058651088,4,2,6,6,600,720,941.6666666667,750,4,2,6,6
284,27.1666666667,29.7777777778,42.25,38.8333333333,6,9,8,6,24.7360654424,23.3122153254,24.3482623574,26.7647450318,6,9,8,6,670,698.8888888889,1022.5,1020,6,9,8,6
285,31.25,26.8571428571,40.6,27.6,4,7,5,5,25.0528297239,23.2582243404,25.210687123,28.8296934866,4,7,5,5,787.5,604.2857142857,1016,798,4,7,5,5
289,27.8333333333,31.2857142857,32,34.5,6,7,4,8,19.8726602005,19.4377865204,25.1068937276,24.546057204,6,7,4,8,548.3333333333,651.4285714286,800,861.25,6,7,4,8
291,24,29.7142857143,40.2857142857,28,5,7,7,4,20.9292391304,21.2920872895,25.9643358762,29.5288841593,5,7,7,4,508,618.5714285714,1044.2857142857,822.5,5,7,7,4
295,30,22.8571428571,38.75,31,6,7,8,4,21.8673192506,15.9589319599,24.9938829179,25.9513708514,6,7,8,4,655,385.7142857143,961.25,797.5,6,7,8,4
297,30.5,23,35.5714285714,34.5,6,6,7,6,18.2917858144,21.8911150984,24.5007834378,28.059234625,6,6,7,6,573.3333333333,501.6666666667,840,948.3333333333,6,6,7,6
299,24.3333333333,17.2,42.8,29.7142857143,3,5,5,7,19.2153923038,19.5921474359,24.7722926214,27.3465867829,3,4,5,6,450,395,1056,936.6666666667,3,4,5,6
301,26,25.4444444444,30.875,27,8,9,8,4,23.309965935,20.1137578434,26.9621406344,30.7202380952,8,9,8,4,600,518.8888888889,836.25,820,8,9,8,4
302,,,,,0,0,0,0,,,,,0,0,0,0,,,,,0,0,0,0
303,32,30.3333333333,42.3333333333,33.8,2,3,3,5,35.4166666667,19.134716339,28.183982684,30.7661865157,2,3,3,5,1190,573.3333333333,1183.3333333333,1034,2,3,3,5
304,33.8,20.75,41.25,29.2857142857,5,12,4,7,22.6885133982,21.4683221928,27.4147274294,27.089673892,5,9,4,7,772,543.3333333333,1122.5,788.5714285714,5,9,4,7
305,18,21.7142857143,35,20.8,4,7,2,5,22.9171000624,17.001196606,29.4161184211,28.1269431644,4,7,2,5,412.5,354.2857142857,1025,596,4,7,2,5
306,36.5,28.625,37.5714285714,26.25,6,8,7,4,23.3284524718,20.8263378268,26.0680038119,23.6428571429,6,8,7,4,845,617.5,980,630,6,8,7,4
308,28,24.7142857143,39.6666666667,37.2,6,7,3,5,25.6110703812,26.1507816694,26.4285714286,23.4822151964,6,6,3,5,713.3333333333,750,1043.3333333333,874,6,6,3,5
309,28.5,27.375,37,27.5,4,8,3,4,22.6090923466,20.2851270053,24.8302808303,28.3166248956,4,8,3,4,642.5,571.25,916.6666666667,755,4,8,3,4
310,28.6,20.1428571429,31.6666666667,30.75,5,7,3,8,19.468271757,19.4373487598,23.6740740741,26.2946797369,5,6,3,8,542,461.6666666667,753.3333333333,832.5,5,6,3,8
311,28.5,31.5,33.25,20,2,4,8,2,21.4205955335,13.769186291,21.6629068679,24.0601503759,2,4,8,2,615,450,722.5,480,2,4,8,2
312,35,27.8,44,42.4,4,5,4,5,23.9207964029,21.072954823,23.3661817587,28.8193722944,4,4,4,5,835,745,1032.5,1214,4,4,4,5
313,23.5714285714,25.6666666667,35,27.25,7,6,6,4,23.2234071772,22.4263116682,24.7238409738,27.8234935563,7,6,6,4,542.8571428571,598.3333333333,866.6666666667,742.5,7,6,6,4
314,30,24.2727272727,38.3333333333,33.1428571429,7,11,3,7,24.7240991345,24.7228155616,28.7365414195,27.4722800918,7,11,3,7,740,601.8181818182,1100,921.4285714286,7,11,3,7
316,24.1666666667,27.125,36.5,33.6,6,8,4,5,24.797014717,20.9382665945,24.9435136562,25.0272727273,5,8,4,5,674,568.75,915,852,5,8,4,5
317,20.5,31.75,32.6666666667,33.7142857143,2,4,6,7,25.7121212121,18.9753211629,28.3794808436,28.5037067183,2,4,6,7,495,610,888.3333333333,967.1428571429,2,4,6,7
323,25.2222222222,29.4444444444,33.5,35.4,9,9,8,5,21.5543531538,24.5513114925,26.087541007,27.0304281039,9,9,8,5,535.5555555556,737.7777777778,882.5,958,9,9,8,5
324,22,27,40.8,33.3333333333,4,6,5,6,24.5294560512,22.7002660707,25.4691094141,25.1459223518,4,6,5,6,540,600,1038,913.3333333333,4,6,5,6
326,23.5,24.8333333333,35.7142857143,32.2857142857,4,6,7,7,20.7989130435,27.0301392507,28.3684605124,30.2776485659,4,6,7,7,485,666.6666666667,994.2857142857,938.5714285714,4,6,7,7
328,22.5714285714,29.2,36.2,33.8333333333,7,5,5,6,20.5573138346,18.1174231566,23.5028789659,25.3202729309,7,5,5,6,477.1428571429,554,850,863.3333333333,7,5,5,6
330,35.25,29.625,28.4,25,4,8,5,1,19.1373603205,17.480334114,19.6206959707,27.2,4,8,5,1,672.5,533.75,550,680,4,8,5,1
331,26,22.875,37.6666666667,26.5,5,8,6,6,23.6343123543,19.4918479769,24.9512579134,24.8148430114,5,8,6,6,612,447.5,941.6666666667,663.3333333333,5,8,6,6
332,22.8,22,26.5,29,5,9,4,8,26.4348093758,21.2384779774,24.4535522044,27.2321976807,5,8,4,8,578,520,647.5,787.5,5,8,4,8
333,25.25,35.5,37.1428571429,35.1666666667,4,6,7,6,25.6375565611,17.8822225072,25.0140067418,25.5813884258,4,6,7,6,630,636.6666666667,927.1428571429,898.3333333333,4,6,7,6
334,20.25,21.5,29,27.3333333333,4,6,4,6,23.047979798,17.4965942954,25.4296001159,26.5775115689,4,6,4,6,467.5,393.3333333333,740,731.6666666667,4,6,4,6
335,18.4,25.5,33,29.5,5,8,2,6,22.3816738817,19.21395898,23.9338235294,24.8107227917,5,8,2,6,420,481.25,790,711.6666666667,5,8,2,6
336,26.8571428571,26.8333333333,38.1666666667,33.2857142857,7,6,6,7,24.7856095742,23.6746001032,24.5090799833,28.2945045882,7,6,6,7,650,640,936.6666666667,931.4285714286,7,6,6,7
337,23,23.75,33.75,30.25,5,4,4,4,21.8556633422,15.0220155204,25.2436893362,25.1272378517,5,4,4,4,490,392.5,847.5,755,5,4,4,4
338,27.8333333333,25.7142857143,,42.8333333333,6,7,0,6,25.7847870481,21.190886404,,28.5206776748,6,6,0,6,746.6666666667,566.6666666667,,1218.3333333333,6,6,0,6
341,27.2,18,32.6666666667,25.4,5,2,3,5,26.7234644582,18.4727272727,27.0506265664,28.9614949019,5,2,3,5,708,360,893.3333333333,740,5,2,3,5
342,17.75,15.5,39.6,29.5,4,4,5,2,19.7659632035,17.5719814241,26.7655082548,29.6428571429,4,4,5,2,352.5,267.5,1038,880,4,4,5,2
344,29.25,26.5,43.2,39,4,2,5,8,27.8802330274,26,27.0408222819,27.9161344165,4,2,5,8,802.5,615,1164,1095,4,2,5,8
345,21.5,21.3,35,29.75,4,10,2,8,21.2301587302,19.4519230769,25.9388458226,27.6889850412,4,10,2,8,467.5,402,905,836.25,4,10,2,8
348,26.75,17.5,42.8333333333,35.4285714286,4,2,6,7,17.8530061892,25.4545454545,24.7058706577,26.7884462657,4,1,6,7,480,560,1053.3333333333,938.5714285714,4,1,6,7
349,29.5,24.8571428571,,35.6666666667,4,7,0,3,22.9189393939,16.9307394395,,25.2845528455,4,6,0,3,667.5,475,,903.3333333333,4,6,0,3
351,22.6,17.625,32.6666666667,35.8,5,8,3,5,21.7054984231,24.678078791,26.2820512821,29.7890612371,5,5,3,5,520,576,833.3333333333,1072,5,5,3,5
352,16.25,26.8888888889,29.2,31.6666666667,4,9,5,6,21.5593825249,21.6535369082,23.2682025782,29.1887683564,4,9,5,6,357.5,590,704,901.6666666667,4,9,5,6
353,23.2,19.1666666667,32.1666666667,31.125,5,6,6,8,21.9319990798,26.1108456761,25.7464415396,28.0339560719,5,5,6,8,518,556,823.3333333333,867.5,5,5,6,8
356,30,26.2857142857,33.625,34.7142857143,4,7,8,7,28.2712374582,21.11207906,26.21875,29.6096698328,4,7,8,7,840,537.1428571429,880,1028.5714285714,4,7,8,7
357,32.6666666667,19.3333333333,32.6666666667,34.5,6,9,3,4,21.4033445161,25.6178016083,23.9187712872,27.5039746755,6,9,3,4,696.6666666667,482.2222222222,773.3333333333,947.5,6,9,3,4
358,22.3333333333,24.8333333333,39.25,36.2857142857,3,6,4,7,24.2118226601,23.2417831263,26.9365203762,29.4733581692,2,6,4,7,775,588.3333333333,1047.5,1068.5714285714,2,6,4,7
360,30.25,25.8888888889,34.5,29,4,9,4,5,20.7901669529,21.0344923276,22.7952201307,26.9336646336,4,9,4,5,635,556.6666666667,785,764,4,9,4,5
361,34.8,22.5,43.4285714286,49,5,2,7,8,22.1683405069,24.6052631579,23.9013494105,28.7528268174,4,2,7,8,730,555,1024.2857142857,1416.25,4,2,7,8
362,30.1428571429,30,29.2,25,7,2,5,5,21.9937921083,23.6484983315,22.8782610819,27.4540229885,7,2,5,5,668.5714285714,710,652,680,7,2,5,5
364,26.2,24.25,33.8,36.4285714286,5,4,5,7,27.3398941799,26.8846153846,28.2420875421,30.2297784042,5,3,5,7,738,850,956,1108.5714285714,5,3,5,7
366,30.4,25,40.8333333333,35.75,5,4,6,4,26.8217156609,20.3893494335,23.8369722889,25.8295518207,5,4,6,4,780,522.5,973.3333333333,925,5,4,6,4
369,26.4,26.125,41.25,34.5,5,8,4,2,22.293040293,22.0302694471,24.0407724211,25.0849731664,5,8,4,2,590,547.5,990,840,5,8,4,2
371,18.25,20.7142857143,38.3333333333,35.2857142857,4,7,3,7,25.5298544167,17.41120267,25.99988044,28.0750790309,4,6,3,7,445,403.3333333333,996.6666666667,988.5714285714,4,6,3,7
379,26.4,25.6,36.8,42.8571428571,5,5,5,7,24.7034482759,21.5686600221,29.2382593376,26.8938886567,5,4,5,7,664,652.5,1056,1117.1428571429,5,4,5,7
380,25.5,28,36.2,28.1666666667,4,5,5,6,20.6447241892,22.3614245014,26.4096112686,32.1637210969,3,5,5,6,666.6666666667,628,952,873.3333333333,3,5,5,6
383,27.25,23,35.6,32.75,4,9,5,4,20.8734772816,19.765960768,23.9349819628,25.7965909091,4,7,5,4,580,534.2857142857,850,855,4,7,5,4
384,40,27,44,32.8571428571,5,6,3,7,23.6317679806,22.4561032324,24.750927398,25.9556956216,5,6,3,6,950,626.6666666667,1086.6666666667,976.6666666667,5,6,3,6
385,28.1428571429,25.8,28.1666666667,24.2857142857,7,5,6,7,22.1267416057,18.6214452214,25.1490568124,25.2900493531,7,5,6,7,601.4285714286,478,705,611.4285714286,7,5,6,7
386,29.3333333333,21.6,32.6,33.7142857143,3,5,5,7,19.496124031,14.7863795375,24.8265745812,28.7754324456,3,4,5,7,610,375,814,962.8571428571,3,4,5,7
388,31.2,31,19.3333333333,23,5,6,3,3,20.189023569,19.8427364778,26.0714285714,24.1307692308,5,6,2,2,626,628.3333333333,695,620,5,6,2,2
390,30.5714285714,29.6,41.1111111111,23.4,7,5,9,5,20.3607035295,16.7521454261,23.7850902322,27.7061919505,7,5,9,5,607.1428571429,532,961.1111111111,620,7,5,9,5
391,31.6666666667,29.3333333333,34,34,6,9,4,4,23.3588180104,21.609522959,23.2029569892,24.494245311,6,8,4,4,733.3333333333,708.75,797.5,822.5,6,8,4,4
393,30.75,34,34.2,32.75,4,5,5,4,24.1839989876,18.258908046,23.6555295195,25.2629310345,4,5,5,4,777.5,632,806,817.5,4,5,5,4
394,27.8888888889,29.625,36.6666666667,33.8,9,8,3,5,24.4892635661,19.2164003759,29.5462280204,25.8305232558,9,8,3,5,667.7777777778,568.75,1080,838,9,8,3,5
395,30.2857142857,28.4,29.2,30.3333333333,7,5,5,3,26.9526412052,20.088915259,29.2018034216,27.4865542234,7,5,5,3,780,568,846,826.6666666667,7,5,5,3
396,28.6,25.8,35.1666666667,31.5,5,10,6,4,25.0848118548,25.9128800022,29.7744024813,29.6568627451,5,10,6,4,712,661,1046.6666666667,962.5,5,10,6,4
397,21.5,25.5714285714,37.25,13,6,7,8,2,20.0430778372,18.0071707045,24.436954529,27.5454545455,6,7,8,2,430,457.1428571429,900,355,6,7,8,2
399,1.5,6,13.3333333333,10.6666666667,2,2,3,3,,10,28.8955026455,28.9285714286,0,1,3,2,,60,373.3333333333,390,0,1,3,2
403,24,21,37.25,23.25,2,4,4,4,22.2960151803,16.1506109023,24.6975129199,25.4873511905,2,4,4,4,510,360,922.5,600,2,4,4,4
409,31.5,37.6,38.6,38.25,4,5,5,8,23.0683760684,21.6319444444,26.4459436216,28.2980522602,3,5,5,8,956.6666666667,816,1018,1088.75,3,5,5,8
411,24.2,23.7142857143,39.1666666667,36,5,7,6,7,21.6203703704,23.3734366157,27.3485471117,27.9937019769,5,6,6,7,524,658.3333333333,1065,1000,5,6,6,7
414,27.1666666667,24.1428571429,37.5,31,6,7,4,3,19.8834876543,22.487328104,24.2767837524,25.0807017544,6,6,4,3,566.6666666667,646.6666666667,915,770,6,6,4,3
415,19.3333333333,17,38.8333333333,30.4285714286,3,3,6,7,23.1465026202,21.216374269,26.3004001637,29.311976912,3,3,6,7,423.3333333333,343.3333333333,1018.3333333333,867.1428571429,3,3,6,7
416,28.7142857143,31.25,31,32.8571428571,7,4,3,7,24.0083736126,20.3824291814,26.8392255892,29.2784666113,7,4,3,7,668.5714285714,642.5,833.3333333333,960,7,4,3,7
417,41.2857142857,23.625,38.1428571429,36,7,8,7,4,23.0188431364,20.1508911808,21.2234761708,24.2570111048,7,7,7,4,958.5714285714,555.7142857143,811.4285714286,870,7,7,7,4
418,26.8333333333,25.5,37.4,31,6,8,5,8,22.028607459,19.8135554472,26.4708760697,27.5904558901,6,7,5,8,603.3333333333,478.5714285714,988,853.75,6,7,5,8
420,28.5714285714,32.6666666667,31,30.1111111111,7,6,3,9,20.3493078739,21.0754671252,23.5861394816,25.5452886215,7,6,3,9,592.8571428571,688.3333333333,730,765.5555555556,7,6,3,9
423,31.1666666667,27.25,30.5,32.6666666667,6,4,6,3,24.3792359075,19.3941972369,26.1925824923,27.9080243034,6,4,6,3,788.3333333333,585,780,933.3333333333,6,4,6,3
426,31.75,31.8571428571,30.6666666667,28.4,4,7,6,5,28.3892730832,19.9686533652,26.6767320817,22.7236996337,4,6,6,5,917.5,745,811.6666666667,646,4,6,6,5
427,32.25,24,44,28.25,4,6,4,4,19.8704954955,20.4960863698,23.957046332,24.3539294542,4,5,4,4,662.5,582,1055,687.5,4,5,4,4
428,27.75,21.5555555556,43.5,33.1666666667,4,9,4,6,17.373015873,21.3950098814,22.6887175325,25.9267969644,4,9,4,6,487.5,443.3333333333,987.5,850,4,9,4,6
429,33,30.25,40,29,5,8,4,2,22.5336055114,14.4255640941,24.8740939195,28.7620192308,5,7,4,2,754,517.1428571429,1015,835,5,7,4,2
431,28.8333333333,30.25,30.1428571429,33.75,6,8,7,4,23.4578881766,21.1351007849,23.9466109105,25.7143550894,6,8,7,4,678.3333333333,650,727.1428571429,870,6,8,7,4
432,33.8571428571,27.6666666667,44,31.2,7,6,7,5,23.4047619048,22.7060895682,26.3102218027,24.2493381499,7,6,7,5,801.4285714286,641.6666666667,1152.8571428572,776,7,6,7,5
434,32.4,30.2,29.8,33,5,5,5,2,23.817579671,18.9969511109,24.7228900256,25.1397949674,5,5,5,2,784,614,734,835,5,5,5,2
435,27.5714285714,35.5714285714,38.6666666667,29.2857142857,7,7,6,7,21.1369345309,18.3766498002,25.562637873,27.2513912588,7,7,6,7,561.4285714286,672.8571428571,980,787.1428571429,7,7,6,7
436,21.4285714286,17.5,14.5,14.5,7,2,4,2,36.5376863132,32.6724137931,40.7132352941,44.1346153846,7,2,4,2,791.4285714286,545,575,630,7,2,4,2
438,33.6,25.7142857143,41.5,30.5,5,7,4,4,20.6228105228,23.2283753909,24.6824229692,28.0310150376,5,7,4,4,706,597.1428571429,1025,855,5,7,4,4
439,23.5,30.8333333333,43.8,35.6,4,6,5,5,21.288453159,16.2235569509,22.8277284619,23.6355862775,4,6,5,5,505,495,1000,844,4,6,5,5
440,28.6,35.6666666667,38,33.6,5,3,5,5,19.1230224691,17.4393595822,21.1507905643,22.9045040646,5,3,5,5,544,653.3333333333,800,762,5,3,5,5
442,30,19.25,37.5,28.8571428571,5,4,8,7,18.423525041,19.7619047619,24.5305040494,25.9338361152,5,3,8,7,560,506.6666666667,927.5,731.4285714286,5,3,8,7
444,29.3333333333,30,43.8,36.4285714286,3,3,5,7,24.1565217391,19.7348272642,21.6460991563,22.7962074691,3,3,5,7,670,593.3333333333,960,815.7142857143,3,3,5,7
445,29.2,27.6363636364,32.8333333333,27.8333333333,5,11,6,6,23.2794505495,19.752262117,23.9620934621,26.6284712898,5,10,6,6,676,644,793.3333333333,731.6666666667,5,10,6,6
447,30.1666666667,24.4,41.3333333333,31.5,6,5,6,4,21.4601857141,16.6469271469,24.5637699946,25.4950381609,6,4,6,4,665,425,1011.6666666667,797.5,6,4,6,4
448,33.6,,29,,5,0,2,0,19.2382673318,,22.9627329193,,5,0,2,0,686,,655,,5,0,2,0
449,18,23.2,21.5,18.5,6,5,6,4,35.3125313283,37.2287634409,41.8966134699,45.6842231842,6,5,6,4,615,844,890,830,6,5,6,4
450,30.25,26.4,36.6,36,8,5,5,6,23.1986306447,21.8877688172,28.3439137522,24.2523435375,8,4,5,6,695,775,1034,830,8,4,5,6
452,36.75,27.375,32.5,33.5,4,8,6,6,20.5254355401,16.7565234437,24.3987308987,25.0419432419,4,7,6,6,740,491.4285714286,788.3333333333,840,4,7,6,6
454,31.125,36.3333333333,35,36.25,8,3,4,4,21.1106871104,19.7147339894,22.2977779246,23.5351518255,8,3,4,4,661.25,726.6666666667,780,860,8,3,4,4
455,33.5,27.875,36.8571428571,31,6,8,7,1,24.8398972301,17.6761214976,24.5935785409,29.6774193548,6,7,7,1,835,575.7142857143,907.1428571429,920,6,7,7,1
456,23.8333333333,21.8,35.3333333333,28.875,6,5,3,8,22.2667265457,15.4696576307,24.4884823848,25.7489581729,6,4,3,8,498.3333333333,377.5,860,745,6,4,3,8
457,34,29.5,34,32.5714285714,5,4,8,7,21.6804939177,19.095502236,24.0524993089,24.3425051913,5,4,8,7,726,575,813.75,775.7142857143,5,4,8,7
458,26.8,25.8571428571,32.75,11,5,7,4,1,19.2603637742,20.2329136699,26.2149354024,25.4545454545,5,6,4,1,506,621.6666666667,857.5,280,5,6,4,1
459,23.8,32.1111111111,38.4,28.6666666667,5,9,5,9,23.4816586151,22.2199675953,25.2934800551,26.7964675339,5,9,5,9,564,720,966,761.1111111111,5,9,5,9
460,27,27.7142857143,37.6,24,5,7,5,2,25.0596678863,17.3281781458,25.9430060825,28.166969147,5,7,5,2,668,491.4285714286,982,680,5,7,5,2
461,25.8,37.8,29.6,24.5,5,5,5,2,18.1237873735,19.3510411981,26.4195738902,24.6237458194,5,5,5,2,406,720,784,605,5,5,5,2
462,27.8,26.875,36.75,32.5,5,8,4,4,21.7507692308,23.2954116945,23.2845717234,21.2816420251,5,7,4,4,600,690,855,692.5,5,7,4,4
463,21.4,24.1666666667,36.8333333333,30,5,6,6,4,23.3505952381,16.6001569172,26.3339811508,36.4163372859,4,6,6,3,615,400,973.3333333333,1116.6666666667,4,6,6,3
466,29.25,19.6666666667,33.7142857143,27.3333333333,4,3,7,6,18.7424516908,20.0666666667,26.7047589115,26.6605392157,4,2,7,6,530,565,888.5714285714,696.6666666667,4,2,7,6
469,21.6,21.5714285714,35.8,23.3333333333,5,7,5,3,27.1655172414,21.1463359063,24.1980607628,22.531986532,5,5,5,3,532,612,866,540,5,5,5,3
470,33.25,22.75,34.3333333333,30,8,4,6,7,24.9856208247,22.0771604938,26.9504226664,30.5032316986,8,3,6,7,828.75,466.6666666667,923.3333333333,914.2857142857,8,3,6,7
472,29.8333333333,26.75,,23.6666666667,6,8,0,3,22.816651702,17.9671274285,,22.3005979528,6,7,0,3,681.6666666667,547.1428571429,,530,6,7,0,3
473,26.6666666667,22.75,35,28.8333333333,3,4,4,6,24.6430652681,18.8835227273,24.5903095819,32.2104599906,3,4,4,6,650,470,860,900,3,4,4,6
475,33.5,29.4285714286,40.8,26.8,6,7,5,5,22.8258330379,18.7742673993,23.7629010142,24.8560903149,6,7,5,5,775,552.8571428571,952,672,6,7,5,5
476,34,25.3333333333,34.4,27,5,3,5,3,18.3643162393,20.4667788057,22.3520409161,23.336489899,5,2,5,3,626,715,780,620,5,2,5,3
481,24,27.625,24,33.25,5,8,2,4,22.106959707,20.236766464,17.3544973545,24.0356625549,5,8,2,4,540,542.5,420,777.5,5,8,2,4
484,26.6666666667,26.7142857143,35.3333333333,36,6,7,3,4,21.6408204766,17.8572404786,23.5004025765,24.5388091441,6,7,3,4,636.6666666667,488.5714285714,836.6666666667,870,6,7,3,4
485,20.25,25.8333333333,33.6,21.6666666667,4,6,5,3,24.2585630744,20.8570073806,25.9767349767,24.5454545455,4,6,5,3,487.5,545,876,536.6666666667,4,6,5,3
486,24.4,18.6666666667,36.5,33.4,5,6,4,5,19.9134809635,17.4937343358,25.3768303187,29.6270228417,5,6,4,5,516,320,925,998,5,6,4,5
488,20.3333333333,,37.5,,3,0,8,0,21.9438596491,,23.7222934859,,3,0,8,0,450,,886.25,,3,0,8,0
489,29.25,41.4,30.75,26.8,4,5,4,5,18.5216450216,18.7258876389,23.6675043706,23.7298850575,4,4,4,5,565,910,727.5,616,4,4,4,5
490,26.7142857143,21.75,34,23,7,4,6,2,20.824085081,14.455026455,21.4985202166,22.6538461538,7,4,6,2,568.5714285714,305,748.3333333333,520,7,4,6,2
494,33,21.2,36.1428571429,27.5,4,5,7,4,20.0511315212,20.1777777778,21.0120831549,24.770531401,4,5,7,4,682.5,396,760,677.5,4,5,7,4
495,25,29.8333333333,36.4285714286,35.75,5,6,7,4,18.5137566138,19.9658277825,22.5397362249,23.5828291994,5,6,7,4,476,598.3333333333,820,852.5,5,6,7,4
496,22.25,20.6666666667,22.8,39,4,6,5,3,18.6230769231,10.8464573269,25.6401002506,26.144672055,4,6,5,3,405,238.3333333333,592,1013.3333333333,4,6,5,3
499,30.1428571429,23.75,32.5,18.5,7,4,4,2,21.4285025011,20.1364942529,25.2265561363,17.9310344828,7,4,4,1,630,507.5,810,520,7,4,4,1
503,29,20.875,34.2857142857,29.2857142857,3,8,7,7,22.6903538307,24.4911279559,25.5659244735,25.8448275862,3,8,7,7,653.3333333333,448.75,868.5714285714,761.4285714286,3,8,7,7
504,27,43,47,29,4,2,2,3,19.969368987,22.8238482385,23.1519274376,24.6416791604,4,2,2,3,552.5,990,1090,720,4,2,2,3
506,30.1666666667,23.5555555556,35.625,30.2857142857,6,9,8,7,19.8445037419,22.046350613,26.8680436448,28.7362141524,6,9,8,7,623.3333333333,512.2222222222,961.25,857.1428571429,6,9,8,7
507,32.5,33.5833333333,32.5,34.6,8,12,6,5,24.3904086457,22.4582530814,24.2560839544,27.9950247695,8,11,6,5,796.25,822.7272727273,790,980,8,11,6,5
508,24.7777777778,25.6,36,30.4285714286,9,5,4,7,20.3235121737,20.843476237,23.9765959015,26.0647488617,9,5,4,7,504.4444444444,524,867.5,788.5714285714,9,5,4,7
509,28.25,33.2,35,31.4,4,5,5,5,21.6311588738,21.5857142857,22.8762531328,22.6258276704,4,5,5,5,640,716,798,712,4,5,5,5
510,23.75,27,30.5,35,4,5,4,2,19.1571969697,23.3769230769,28.277972028,28.3242753623,4,5,4,2,515,630,855,1005,4,5,4,2
513,24.6666666667,26,37,34.3333333333,6,3,5,3,21.0381535887,23.6174055829,25.4891484496,28.6546840959,6,3,5,3,533.3333333333,643.3333333333,946,1020,6,3,5,3
515,26.4,24.5555555556,38.5714285714,30.6,5,9,7,5,16.0191570881,18.6669454616,22.438380442,25.0903926483,5,8,7,5,406,527.5,862.8571428571,772,5,8,7,5
516,24,25,42.1666666667,33.5,5,7,6,4,21.4098124098,20.3618191721,27.6309023552,28.8392857143,5,6,6,4,508,560,1155,955,5,6,6,4
519,28.25,31.3333333333,42,41.5,4,3,4,6,18.0297619048,20.233785822,26.7101677363,27.7100096311,4,3,4,6,507.5,623.3333333333,1122.5,1171.6666666667,4,3,4,6
520,13.25,16.5,39.5,31.75,4,2,6,4,20.4642857143,15.5555555556,22.6155109277,26.8336349743,4,2,6,4,260,240,901.6666666667,850,4,2,6,4
521,33.8888888889,34.6666666667,42.7142857143,29.1666666667,9,6,7,6,17.7048592167,19.8940197733,22.3610186817,23.5250257777,9,5,7,6,576.6666666667,842,958.5714285714,681.6666666667,9,5,7,6
522,27,23.2857142857,43,30,4,7,2,2,16.102915804,18.5048799077,25.7452574526,22.7777777778,4,6,2,2,462.5,498.3333333333,1100,685,4,6,2,2
524,33,29.2,31,22.25,5,5,6,4,26.2705157805,15.1731105991,22.8071322719,23.9266787659,5,5,6,4,914,448,715,540,5,5,6,4
527,32.6666666667,28.6666666667,40.6,31,6,3,5,4,24.0396636329,21.0397946085,26.5902561281,26.5881649821,6,2,5,4,781.6666666667,835,1080,832.5,6,2,5,4
528,32.2,27.1428571429,35.8,36.6,5,7,5,5,22.8604771391,18.5598444162,24.8948023654,26.6172712717,5,7,5,5,692,555.7142857143,894,978,5,7,5,5
530,32.4,28.5,43,33.75,5,4,1,8,25.0254492536,15.3725490196,25.1162790698,25.2164286928,5,4,1,8,792,480,1080,827.5,5,4,1,8
535,23.75,27,36.75,29,4,7,4,2,20.6871621622,15.616914232,22.0965929164,24.6415770609,4,7,4,2,487.5,427.1428571429,812.5,715,4,7,4,2
536,26,22.5,37.2,32.1666666667,6,6,5,6,20.4165452603,18.5139130435,20.6380176075,18.899685161,6,5,5,6,510,480,760,615,6,5,5,6
540,22,19.5,31,27.5,8,8,5,2,24.0341341665,20.0030686705,27.2545248869,23.2625994695,8,8,5,2,523.75,398.75,852,640,8,8,5,2
541,30.2,32,44.8,35,5,5,5,2,22.5884637151,20.7300075292,23.4185706399,26.9607843137,5,5,5,2,688,672,1050,945,5,5,5,2
545,35,39.3333333333,33,28,3,3,2,8,19.3135554159,18.8321482439,27.1804511278,26.4410943159,3,3,2,8,676.6666666667,773.3333333333,890,715,3,3,2,8
547,24.75,29.8,48,41.5,4,5,4,4,21.818627451,18.720371517,24.3583194284,25.5912698413,4,5,4,3,525,578,1165,1010,4,5,4,3
548,28.2,22.6666666667,28.8333333333,21.2,5,3,6,5,17.3827570956,17.5529953917,25.2550435228,25.0519047619,5,2,6,5,512,575,733.3333333333,526,5,2,6,5
549,29.75,24.2857142857,32,28.25,4,7,5,4,23.9829545455,17.7228344353,29.0986590038,28.3237327189,4,7,5,4,710,431.4285714286,918,820,4,7,5,4
550,26.6,21.6666666667,30,30.2,5,6,3,5,21.4198841699,23.8787926484,26.527458493,27.7093406593,5,6,3,5,602,520,823.3333333333,846,5,6,3,5
552,24.2,23.5714285714,40,38.25,5,7,3,4,19.6941520468,20.5281385281,26.7037037037,27.1568582163,5,7,3,4,486,500,1080,1035,5,7,3,4
553,24.6,23.25,28.2,29.8333333333,5,4,5,6,22.3142857143,13.7083333333,29.2693928533,30.6215386391,5,4,5,6,554,307.5,822,916.6666666667,5,4,5,6
558,21.6666666667,16.75,40.8571428571,27.3333333333,3,4,7,6,24.7627862334,20.4440789474,25.838945737,27.3236186007,3,4,7,6,513.3333333333,342.5,1051.4285714286,736.6666666667,3,4,7,6
559,28.6666666667,26.8,35.8,24,9,5,5,2,20.9161530658,19.0125806452,26.8062240281,31.1868131868,9,5,5,2,610,510,958,660,9,5,5,2
560,25.8333333333,21.8,38.6666666667,31.3333333333,6,5,3,9,24.0363687204,19.1641558442,26.6316067653,27.5311208554,6,5,3,9,615,408,1030,871.1111111111,6,5,3,9
561,27.6,17,41,35.5,5,3,4,4,25.8993039628,16.5507246377,26.0619358478,26.3988667159,5,3,4,4,660,296.6666666667,1037.5,952.5,5,3,4,4
562,22,35,37.1428571429,34.6666666667,3,1,7,6,21.5420979986,18.8571428571,22.9832197673,23.0956109489,3,1,7,6,476.6666666667,660,855.7142857143,806.6666666667,3,1,7,6
563,24.5,24.8,32.6666666667,28,8,5,6,6,19.8779539832,20.6643754375,25.5012112071,24.2468975469,8,4,6,6,488.75,615,826.6666666667,683.3333333333,8,4,6,6
564,27.5,22,36.8333333333,24.75,8,10,6,4,22.8169501268,16.0941459775,24.3499546743,28.3501664107,8,9,6,4,615,377.7777777778,895,700,8,9,6,4
565,34,28.4,39,32.6,5,5,6,5,25.6979320679,21.8283564058,24.8226051828,27.2334254691,5,4,6,5,890,802.5,966.6666666667,886,5,4,6,5
567,31.8,28.1428571429,39.5,37.1666666667,5,7,4,6,23.4694279833,20.7827004865,25.4899170597,29.1769914711,5,7,4,6,714,581.4285714286,1002.5,1078.3333333333,5,7,4,6
571,36.25,33.3333333333,36.75,30.75,4,6,4,4,23.1808535567,20.4837419525,26.3318972694,26.5181782573,4,6,4,4,862.5,716.6666666667,967.5,817.5,4,6,4,4
572,25.8,26.4285714286,37.6,31,5,7,5,4,21.6281385281,18.2373571239,23.4769568704,24.6159003831,5,6,5,4,558,496.6666666667,876,767.5,5,6,5,4
574,25,22.5714285714,29.5,26.2857142857,4,7,4,7,25.2230414747,17.7983764124,27.0025252525,30.4708173804,4,6,4,7,625,478.3333333333,825,798.5714285714,4,6,4,7
575,29,20.6666666667,39,33.8571428571,4,6,6,7,20.7887205387,21.9829140158,22.7225935018,24.6928305324,4,6,6,7,615,433.3333333333,885,818.5714285714,4,6,6,7
576,30.8333333333,23.8333333333,33.6666666667,27.75,6,6,3,4,22.9749807185,21.0127960275,24.2537393162,21.6885741034,6,5,3,4,706.6666666667,536,816.6666666667,592.5,6,5,3,4
578,24,22.2,33,27.5714285714,4,5,5,7,17.802608397,17.5169575523,26.3894286917,28.0601798133,4,5,5,7,442.5,446,866,781.4285714286,4,5,5,7
579,22.25,18,38.8,39.6666666667,4,4,5,3,21.8174291939,18.9278017241,25.2980989704,26.6712364538,4,4,5,3,487.5,305,1010,1070,4,4,5,3
581,27.3333333333,27.8,33.2,30.5,3,5,5,2,22.2614507283,22.2663547758,21.9963673351,21.1036036036,3,5,5,2,606.6666666667,628,722,640,3,5,5,2
582,13,21.2857142857,26.6,25.5,5,7,5,2,23.6147869674,20.2291898578,22.0653439947,24.2615384615,5,7,5,2,302,420,574,620,5,7,5,2
583,22.3333333333,22.75,30.6666666667,32.25,3,4,3,4,23.6296296296,17.9470529471,25.0546218487,29.9802648332,3,4,2,4,523.3333333333,392.5,865,967.5,3,4,2,4
586,28.25,30.625,42.4,36,4,8,5,6,23.9143928322,16.5371733609,26.7535089981,26.3931667764,4,8,5,6,700,505,1134,955,4,8,5,6
587,25.8,34,37.1428571429,29,5,1,7,4,21.3727105532,13.5294117647,23.3860299365,25.3510646274,5,1,7,4,550,460,875.7142857143,712.5,5,1,7,4
590,26.75,32.2,32.1428571429,23.5,4,5,7,2,23.7997807018,18.1968253968,23.1533412262,24.9365942029,4,5,7,2,635,594,737.1428571429,585,4,5,7,2
593,28.75,25.5,47,30.7142857143,4,4,3,7,21.9661436125,21.4016320286,26.240981241,30.0733094117,4,4,3,7,622.5,575,1236.6666666667,925.7142857143,4,4,3,7
594,33,25.8571428571,34.8,33.4,4,7,5,5,21.4832414832,19.3725871711,24.7747710623,23.5136153838,4,7,5,5,692.5,497.1428571429,862,782,4,7,5,5
595,20.75,20.4,35.6666666667,33.75,4,5,3,4,27.3764690171,20.6072722567,29.2441860465,27.5,4,4,3,4,547.5,510,1046.6666666667,905,4,4,3,4
596,24.6,28.8333333333,41.8,35.6666666667,5,6,5,6,23.4337285903,21.5074407399,24.7917977182,29.2085085656,5,6,5,6,574,623.3333333333,1032,1028.3333333333,5,6,5,6
601,27,21,29.5,24.6666666667,5,2,4,3,23.305413008,24.3333333333,26.074270557,28.108974359,5,2,4,3,640,505,767.5,690,5,2,4,3
602,25.2,21.25,47,35.2857142857,5,4,3,7,18.6226400313,11.4530443756,21.6888888889,23.7501204935,5,4,3,6,472,242.5,1023.3333333333,846.6666666667,5,4,3,6
605,27.5,11.5,42.5714285714,31.5714285714,4,6,7,7,22.2146268342,19.5576923077,26.6656956547,29.4738915428,4,4,7,7,592.5,290,1122.8571428572,895.7142857143,4,4,7,7
606,28.8,22.4285714286,37,34.75,5,7,6,8,22.3686934728,18.9562145929,23.249129904,24.1650317095,5,7,6,8,652,425.7142857143,858.3333333333,820,5,7,6,8
607,19.25,22.4,35.2857142857,35,4,5,7,1,21.8055555556,20.2202172097,26.5020648373,26.5714285714,3,5,7,1,463.3333333333,462,935.7142857143,930,3,5,7,1
609,40.25,30,37.6,21.3333333333,4,7,5,3,22.3739854512,20.1471827101,26.3784052867,33.0439065578,4,7,5,3,902.5,631.4285714286,990,736.6666666667,4,7,5,3
610,19.8333333333,19.3333333333,31.1666666667,25.4,6,6,6,5,23.3483444681,21.3035130719,27.5066279037,27.9185128597,6,5,6,5,458.3333333333,506,848.3333333333,702,6,5,6,5
612,24.4,27.7142857143,37.6,24.5,5,7,5,2,22.1579365079,18.2606156027,24.0186716792,26.8106617647,4,6,5,2,462.5,513.3333333333,910,655,4,6,5,2
614,24,22.6666666667,37,39,4,3,7,4,23.1726069493,19.9538239538,24.5335345847,27.2913740395,4,3,7,4,560,460,908.5714285714,1065,4,3,7,4
619,28.75,29.8888888889,35.3333333333,24,4,9,3,4,21.1352918587,20.4214647831,27.1013133208,26.8749292586,4,9,3,4,602.5,607.7777777778,973.3333333333,640,4,9,3,4
620,29.2,34.6666666667,33,30.8333333333,5,6,6,6,21.8174903332,19.3978645222,24.0664417361,24.9926772751,5,6,6,6,640,721.6666666667,790,768.3333333333,5,6,6,6
623,22.4,24.1666666667,33,27.4285714286,10,6,6,7,21.0852390028,22.0150742848,31.1064993565,27.1330676986,10,6,6,7,495,556.6666666667,991.6666666667,757.1428571429,10,6,6,7
625,22.7142857143,33.6666666667,30.75,17.5,7,6,8,2,20.9809437874,17.5734271315,22.7349323474,23.7937062937,7,6,8,2,471.4285714286,610,702.5,385,7,6,8,2
629,31.5,26.7142857143,29.5,31.6666666667,6,7,6,9,28.6354691763,21.85351299,26.3645758662,26.491391203,6,7,6,9,893.3333333333,587.1428571429,776.6666666667,841.1111111111,6,7,6,9
631,26,25.1428571429,29.2857142857,32,8,7,7,6,30.6743552536,23.0730190862,26.6177526588,30.8261938922,7,7,7,6,872.8571428571,581.4285714286,791.4285714286,995,7,7,7,6
633,24.25,17.25,40,37,4,4,5,2,17.874462494,22.6620813397,23.9455259027,29.5945945946,4,4,5,2,435,370,954,1095,4,4,5,2
635,22.8333333333,33.75,34.3333333333,34.2857142857,6,4,3,7,21.696743295,25.2305595069,25.8646245059,25.7661540199,6,4,3,7,500,865,890,891.4285714286,6,4,3,7
640,30,21,38.6,38.1666666667,4,2,5,6,19.5990581098,23.0470588235,25.1175123976,26.9909783973,4,2,5,6,567.5,515,972,1028.3333333333,4,2,5,6
642,28.1666666667,24.75,35.6,21.8,6,8,5,5,19.9137234902,20.6914110734,24.4268067017,26.6739086145,6,7,5,5,568.3333333333,577.1428571429,876,574,6,7,5,5
644,27,33.6666666667,32.625,28.25,4,3,8,4,21.9609227644,20.3641456583,27.542876588,25.0025595514,4,3,8,4,595,690,895,702.5,4,3,8,4
647,23.5,14.8571428571,34.2,25.3333333333,8,7,5,6,25.486860939,22.6565941369,22.2148685374,24.2682633307,8,6,5,6,545,346.6666666667,764,610,8,6,5,6
649,24.25,20,34,25.5,4,5,2,6,23.3594958595,23.359375,21.9136878814,27.3827244009,4,4,2,6,540,547.5,745,653.3333333333,4,4,2,6
651,31.3333333333,26.6666666667,32.4,26,6,6,5,3,23.1133489942,21.3832337826,22.5605691057,26.6835016835,6,6,5,3,725,596.6666666667,728,690,6,6,5,3
656,25.25,25.5,36,34.2,4,8,5,5,23.6991920706,20.1603652652,25.8692424084,29.2241935484,4,8,5,5,600,528.75,936,1004,4,8,5,5
657,30.5714285714,32.5,43.6,35.4285714286,7,6,5,7,24.3916827415,18.4197828487,24.9378296176,26.5825451996,7,6,5,7,738.5714285714,630,1080,960,7,6,5,7
658,18.75,26.5,31.3333333333,28.1666666667,4,8,3,6,26.9042568543,21.2659263568,26.6414141414,24.9180036411,4,8,3,6,490,571.25,833.3333333333,710,4,8,3,6
659,26.5,27.1428571429,36.6666666667,26.6666666667,4,7,3,6,23.9410375893,19.8190041992,25.5265190002,25.1321212121,4,7,3,5,610,558.5714285714,936.6666666667,738,4,7,3,5
660,19.5,27,42.25,25.3333333333,4,4,4,3,19.4834020147,19.008308224,24.5686632603,22.5172043011,4,4,4,3,382.5,520,1040,556.6666666667,4,4,4,3
663,26.4,23.4,41.3333333333,31.6666666667,5,5,6,6,23.2897996571,18.3359307359,25.2590061011,28.4536343957,5,5,6,6,618,432,1045,891.6666666667,5,5,6,6
666,29.5714285714,20.8571428571,33,,7,7,7,0,23.5392583607,20.3516438516,27.4377387319,,7,6,7,0,707.1428571429,430,898.5714285714,,7,6,7,0
672,18.6666666667,31,34.25,35,3,5,8,8,24.7037037037,22.0185185185,28.7048872473,31.5238073888,3,4,8,8,463.3333333333,702.5,978.75,1103.75,3,4,8,8
676,29.6,28.3333333333,35.6666666667,36.8888888889,5,6,3,9,22.5288359788,22.5830309226,25.8463726885,28.1610586277,5,6,3,9,662,656.6666666667,923.3333333333,1030,5,6,3,9
680,32.8333333333,35.1111111111,35.75,26.6,6,9,4,5,21.5205349727,19.1453825489,24.9135007351,25.4225091796,6,9,4,5,711.6666666667,726.6666666667,882.5,672,6,9,4,5
681,24.25,20,35.8571428571,31.25,4,4,7,8,20.3881987578,22.6827326468,22.2511882651,25.9243575052,4,4,7,8,497.5,457.5,798.5714285714,801.25,4,4,7,8
683,26.6,24.6666666667,24.4,32.3333333333,5,9,5,6,20.7807381702,18.4988535503,24.8831501832,27.1910068871,5,9,5,6,534,456.6666666667,626,873.3333333333,5,9,5,6
687,25.75,18.6666666667,38.2,34.8571428571,4,3,5,7,18.1752777896,22.9124040921,23.4818007663,24.5128821095,4,3,5,7,477.5,420,894,870,4,3,5,7
691,29,29,42.7142857143,34.125,5,7,7,8,22.6626262626,22.6651569473,26.1624108173,26.0607867794,5,7,7,8,646,637.1428571429,1112.8571428572,885,5,7,7,8
697,24.1666666667,24.1818181818,36.6666666667,33.6,6,11,3,5,23.2705416231,22.5898306358,26.6644083107,27.3778800147,6,10,3,5,591.6666666667,597,980,914,6,10,3,5
700,31.2,33.5,34.5,23.3333333333,5,10,8,6,24.4418171679,18.5821739492,25.4180733938,30.5487213404,5,10,8,6,734,647,848.75,678.3333333333,5,10,8,6
